personId,self,neighbor_1,neighbor_2,neighbor_3,neighbor_4,neighbor_5
-9223121837663643404,0,708,1071,307,1419,1435
-9212075797126931087,1,889,1026,1015,494,946
-9207251133131336884,2,555,1149,1696,655,564
-9199575329909162940,3,625,1412,1302,1719,1358
-9196668942822132778,4,1290,1039,1162,1014,701
-9188188261933657343,5,1563,1593,639,413,674
-9172914609055320039,6,1302,740,1412,672,1841
-9156344805277471150,7,338,642,617,1509,980
-9150583489352258206,8,1293,1037,205,1563,1025
-9120685872592674274,9,921,1060,1509,1737,1892
-9109785559521267180,10,1152,1531,1794,667,1718
-9099478998637725255,11,1168,1476,1737,675,383
-9083704948999852989,12,1332,792,1030,1044,63
-9063420486253202900,13,1385,559,1002,1744,1336
-9060214117327732109,14,1196,1097,919,1217,1392
-9048557723087354030,15,431,1835,816,742,1512
-9047547311469006438,16,26,352,1880,1168,1870
-9016528795238256703,17,651,1286,197,19,1114
-9012030317377670760,18,1305,694,450,502,128
-9009798162809551896,19,1063,651,348,787,17
-9001583565812478106,20,1380,1075,645,1580,196
-8994220765455693336,21,144,1280,624,1131,193
-8985529623369322698,22,358,1161,145,547,746
-8984152171875293281,23,1687,1196,1097,919,1217
-8965597312806628567,24,1094,734,770,910,71
-8965390025652957482,25,1428,449,540,1697,1477
-8961797610770561652,26,1399,719,1183,352,269
-8909668725653743114,27,1871,1596,1109,404,483
-8891033171626175843,28,746,105,1619,1696,665
-8860671864164757449,29,1240,614,426,1753,209
-8859417914913317336,30,1170,1589,520,74,1595
-8854674432071487111,31,655,1242,1539,1619,605
-8853658195208337106,32,1394,1390,651,484,1223
-8845298781299428018,33,831,588,798,1301,123
-8830250090736356260,34,387,983,1599,1386,1067
-8823950498314351783,35,516,779,288,738,78
-8821868115755885910,36,1671,1733,430,1824,1877
-8802075878443651241,37,8,532,407,1037,1293
-8784674845716296727,38,893,442,650,1078,644
-8781635134606732409,39,1586,1170,141,498,1545
-8781306637602263252,40,1394,1207,589,1390,758
-8765011947844411605,41,115,1332,1267,295,63
-8763398617720485024,42,935,974,959,1352,1386
-8743976205985209861,43,1203,657,350,1339,1638
-8738496712327699923,44,173,698,1443,1412,1802
-8719462623048086192,45,214,449,1697,1566,150
-8704807962619440953,46,969,1747,1107,1224,921
-8699750646678621887,47,1663,911,1352,1110,713
-8694104221113176052,48,1817,189,1835,151,742
-8686631410634491662,49,832,690,1480,1564,1496
-8674958742744576254,50,119,464,1144,1353,1002
-8672331451814079632,51,1322,397,662,1158,164
-8670749047273764903,52,822,1638,234,229,722
-8652741825481604192,53,115,112,41,295,777
-8632760515877149847,54,746,267,1826,1176,1382
-8625026691457884033,55,743,661,475,1821,1065
-8620763856232712186,56,813,1577,288,1829,907
-8607239111818252463,57,590,569,1478,328,145
-8606737560479590536,58,445,484,1269,32,1219
-8606085472606356565,59,837,669,853,727,429
-8594002152006287708,60,532,719,1183,364,1399
-8571236143575825977,61,532,1468,1472,1256,60
-8569200589303439259,62,1035,531,356,1834,568
-8567193579502361778,63,1332,1732,1199,609,1260
-8564151860284884458,64,836,1467,1474,1758,1496
-8560472911230584244,65,1303,1575,1683,1474,902
-8550167523008133722,66,682,597,798,1319,831
-8543191472586917959,67,655,1770,1619,344,594
-8532959362941292070,68,1626,699,718,875,1391
-8531270379574423340,69,1636,1373,1169,949,338
-8527027076020639137,70,1250,1685,1740,1399,1183
-8493970054335899532,1094,435,71,770,910,734
-8486803825457737124,72,332,895,1450,822,893
-8483977803231124788,73,1092,805,1873,1058,520
-8464996041856312914,74,1667,376,86,579,752
-8459536159620126358,75,695,1308,649,219,1338
-8446652614764495168,76,1714,1179,1417,1811,365
-8446209748110806120,77,241,1439,1613,22,613
-8436122021634018264,78,1471,298,779,1755,35
-8432963309304640464,79,189,1735,430,14,517
-8430239657678001264,80,268,983,1703,1328,1468
-8424644554119645763,81,1642,1321,1601,812,1579
-8420584158427265596,82,120,1456,192,364,1049
-8417075466521236595,83,276,733,8,1293,213
-8411878656309735649,84,919,1097,1196,1217,868
-8406450552010054661,85,770,910,1094,435,734
-8403810558207260021,376,86,579,1667,752,432
-8402550747787819270,87,923,93,592,1089,1576
-8399605302938582500,88,1390,1543,1150,155,1386
-8389868196569319547,89,378,977,166,1631,286
-8388706028506253757,90,71,734,435,910,770
-8384598282283588647,91,462,1553,283,585,1650
-8336698712796133957,92,115,950,1267,1747,41
-8309025352777181908,93,735,1250,102,1413,87
-8306418824693202277,94,1196,919,1097,1217,553
-8297991392336681667,95,1740,1685,337,361,289
-8295797114403986789,96,264,767,1131,601,1702
-8292030653061689145,97,772,1085,947,1272,1412
-8275914447540023677,98,265,514,66,19,926
-8251340065348651782,99,1199,1030,473,12,1145
-8246472165248286476,100,425,115,950,1397,1187
-8243547748317128482,101,602,698,1692,307,239
-8243020848740766897,102,834,93,155,1150,1688
-8241940599580729220,103,1076,979,616,1060,18
-8223836278784533306,104,813,1829,138,1493,1577
-8207027873334509187,105,398,613,1568,1311,28
-8205402408645015051,106,1526,1154,650,423,1096
-8158702351275780234,107,1573,1078,898,551,1096
-8132559109129514792,108,187,1470,855,600,538
-8130584461861751846,109,1669,1178,613,1199,1568
-8123627990288459252,110,770,1094,910,71,734
-8121520783058973108,111,1885,1443,1288,173,974
-8099670049200803627,112,115,1267,41,777,867
-8093344434152153830,113,420,468,1208,1106,386
-8093201745874454494,114,564,556,273,1242,1770
-8093198092490224964,115,206,867,41,777,295
-8092995968448142037,564,344,665,594,1242,1770
-8078450058314350213,117,1431,344,1696,1619,556
-8077293301545760758,1661,118,1564,375,361,1167
-8058416136173881530,119,124,1816,399,1332,1552
-8051903121006324833,120,82,1464,782,1516,192
-8050113247491924905,1356,1272,121,1762,469,371
-8036997159314605196,122,983,942,535,362,1858
-8020832670974472349,123,798,602,698,1692,588
-8017805007838352081,124,495,1274,655,1539,1332
-8004014040019183404,125,1027,764,670,718,923
-8002698029075478835,126,479,1077,1674,1427,1397
-7990997793599977496,127,1147,369,1776,161,1266
-7981599955442508322,128,720,366,18,446,1305
-7980653669913930599,129,337,267,145,54,1822
-7966002439899518762,130,946,2,555,941,1235
-7963931769298005669,131,901,744,993,18,813
-7957197279845818597,132,792,1409,1030,943,261
-7946448731524943718,133,1037,923,1802,8,1443
-7920036110689552764,134,1450,1752,332,895,868
-7919979140583047064,135,1332,966,438,1342,1808
-7910759941896704223,136,662,164,397,1158,743
-7909814890969546668,137,1264,1146,487,1737,755
-7902462005407456546,317,138,343,293,1599,173
-7898880382889684604,139,374,257,1729,1352,888
-7847088265446527581,140,1226,1740,1685,95,561
-7843165118747205305,141,1586,498,1816,1526,650
-7831984182146287504,142,174,725,1029,1319,682
-7815718986451468962,143,719,1399,1183,709,269
-7809948905251597216,144,164,662,1158,397,472
-7794435188288730149,145,318,358,129,547,746
-7755848049308089190,146,398,1226,1473,1669,105
-7753289154322622303,147,1278,477,1087,777,1732
-7711052404720939396,148,494,1149,1525,210,1026
-7710821129340169657,149,1508,1157,194,1227,736
-7710611945490357590,150,1566,449,648,1214,252
-7701472666189863533,151,819,768,208,1175,359
-7690117130547105283,152,1709,1423,912,350,684
-7675499124820917865,153,838,1228,1847,1282,639
-7658896905823060250,154,1037,1293,8,328,676
-7656701953949775820,155,1543,88,1390,102,834
-7651694769928092043,156,593,936,488,832,1167
-7644859828368354114,157,222,850,388,1690,1501
-7638765793642144378,158,870,460,616,1799,1489
-7619256453002568786,159,1256,1049,792,364,444
-7611460419696903236,160,30,74,1576,1314,1670
-7606731662737258050,161,127,1254,297,1352,1271
-7602361069047447138,162,1829,813,1577,901,1018
-7599689935091013293,163,325,605,273,1539,564
-7575354990724402240,662,1158,164,397,1406,144
-7574071014482881124,165,1187,217,1331,1866,1716
-7571302107141581195,977,378,166,1832,89,1697
-7566898119905906259,167,1131,1110,1680,1447,1010
-7566844461345455695,1403,168,986,206,1300,895
-7542032833609444223,169,1077,211,479,1352,1312
-7540738139248278851,170,1277,798,1319,218,1458
-7531858294361854119,171,249,174,1516,1594,1693
-7520836932719953265,172,1204,1474,1467,1758,1683
-7508498733655581893,173,1443,317,138,1134,343
-7496361692498935601,174,1037,1293,8,1071,1504
-7487897518634781969,175,787,1748,19,1641,1487
-7482701687530266291,176,121,1762,870,1332,1272
-7478458454083355457,177,1674,1807,288,1225,1169
-7472538368234044044,178,880,327,1040,1374,1463
-7457924553609117653,179,1596,1871,1109,870,554
-7456488753754080246,180,1063,19,348,268,968
-7454032222980648989,181,429,604,59,1233,21
-7437846246871579209,182,1464,607,1698,66,588
-7421703586506797266,183,1302,1152,1617,578,676
-7416063324611531732,184,665,116,564,594,655
-7410485589492665094,185,1701,827,1585,1189,41
-7393811715153527033,186,726,1507,1496,954,896
-7390556062557390103,187,1470,1555,514,855,1258
-7381477755938439823,188,628,545,504,1858,1892
-7377845572432324217,189,401,1453,79,1195,1735
-7371331529308244882,190,1577,813,1829,901,1018
-7365517474830766511,191,809,1044,155,989,197
-7345259481503948621,192,48,82,120,933,1698
-7329305023392956798,193,1280,1763,563,696,507
-7299489921519728176,194,1242,564,1619,1770,1431
-7273988155925360003,195,1643,1022,219,1017,855
-7269286898191176947,196,1580,1468,770,435,1094
-7267769888748948232,197,1394,651,1286,17,191
-7253045327330314894,198,870,674,1049,364,913
-7240735065448254654,199,893,1154,106,38,350
-7210005267264599337,200,1149,1770,116,1696,1674
-7205955090980646456,201,984,736,281,860,1436
-7201298482234794156,202,288,1552,1668,278,294
-7180761520671049625,203,832,375,310,1480,910
-7179350186629473243,204,1696,556,1619,605,564
-7168283978173643864,205,1293,1037,8,1563,1462
-7154360153919620035,206,986,168,1403,115,777
-7148295538010878187,207,607,1264,1262,1263,1267
-7145180591711126041,208,151,1175,819,768,359
-7136511247670430002,209,211,369,426,1862,1556
-7118575739764684077,210,494,1149,148,1026,2
-7103674836099895927,211,1463,1374,1010,1772,1110
-7087518691724367681,212,792,1593,674,358,1030
-7078810337557285027,213,1868,733,861,634,1013
-7070657276224532716,214,1566,150,449,977,1697
-7068209768948841749,215,1084,1881,1436,1673,1724
-7065799990117843402,216,553,1171,766,1369,1772
-7064549223277762524,217,1187,884,165,353,1448
-7050695426345850796,1458,218,402,1482,899,710
-7044141443788188862,219,1758,1474,1226,1467,902
-7041401352840181657,220,1776,346,127,297,27
-7035562184657775493,221,822,1111,1573,442,332
-7001639577646477211,222,157,850,1291,1531,388
-6998647087289883231,223,1631,374,1649,1270,547
-6947734781716817823,224,616,1489,1350,712,1431
-6946355789336786528,225,898,1096,551,553,712
-6944500707172804068,226,1142,1124,782,333,287
-6939883833521991898,227,690,1707,213,1835,1039
-6934405303392992200,228,1770,1539,116,344,605
-6933516293840979472,229,473,722,1450,332,895
-6921346769844646797,230,212,1761,1794,572,28
-6904254367438519859,231,239,1043,567,1013,461
-6895155480127642372,232,70,1455,498,1586,1500
-6878112296616605612,233,1727,1352,127,820,881
-6874849957985527250,234,1271,1288,822,895,332
-6874781826710727528,1540,235,354,490,1794,491
-6874532444478397764,236,975,348,585,1161,1011
-6850499260033618177,237,614,455,461,626,428
-6834891987379050070,238,1199,1665,944,1332,1854
-6824891492208524007,239,231,672,1043,1784,461
-6823054392395586047,240,1427,1077,1251,479,371
-6820774667818944570,241,1439,960,77,31,932
-6811544332174496130,242,626,1297,1718,728,276
-6810967503878969134,243,1283,991,557,1568,613
-6805567438224540711,244,1543,1570,1390,1386,1150
-6786856227257648356,245,317,138,1390,1773,343
-6734098108417569342,246,1226,1099,995,1843,962
-6730258785244938562,247,1063,348,1319,839,651
-6674945460600816442,248,901,744,1577,924,1829
-6668982552133935704,249,1048,171,1516,1693,333
-6668715715951053690,250,1408,1488,681,1873,1780
-6657844983499130997,251,1834,531,356,573,568
-6652840075169150228,252,480,1566,648,150,449
-6650942110522720391,253,1131,1040,327,178,880
-6631461711538275356,254,1537,602,698,1692,1078
-6627505417926774253,255,1390,1656,1386,773,1150
-6624483529135402208,256,1860,1726,1790,1575,581
-6611967527589759673,257,1492,139,1332,1117,1729
-6606373800483513352,258,1600,823,1116,667,1420
-6594283959918506908,421,259,1711,1788,1112,959
-6593243739839278571,260,845,613,1568,1311,1346
-6573653224877216942,261,792,1030,1461,1659,1438
-6568916788996709634,262,732,427,1664,1471,951
-6551899843081273989,263,1822,1762,121,1272,930
-6533304626998890151,264,96,178,1040,145,327
-6532175987346600523,265,1597,1360,371,1263,703
-6527231059484292598,266,1543,773,1390,1150,1386
-6526535873517998244,267,800,54,1822,1829,813
-6508069509459346924,268,80,966,438,1342,656
-6504447686448599421,269,1183,1399,719,26,143
-6502100706127527925,270,1305,585,545,1234,936
-6493929577026741456,271,719,1183,1399,143,269
-6486181020435414752,272,110,227,1307,883,737
-6473952184608287014,564,344,665,594,1242,1770
-6446031436716049889,274,579,376,1667,86,752
-6438002202203852863,275,1577,1829,813,567,901
-6435598831950414723,276,213,1868,626,1297,83
-6411371239765052331,277,1178,1093,649,1692,1730
-6395289021795478412,278,1552,687,1889,1472,294
-6382389075303370984,279,1443,579,1667,376,86
-6380346921134804505,280,486,448,538,710,1479
-6364723726238328437,281,201,736,984,1467,1758
-6361883726252419530,282,474,165,176,1272,957
-6361192540861670465,283,8,1037,1293,357,205
-6347007137547090068,284,1401,1370,663,61,41
-6341085530415128100,285,1264,1146,487,324,1406
-6336522524969113058,286,784,89,640,711,1510
-6316613156648676087,287,1124,315,1142,226,763
-6310269237680935639,288,560,1236,1512,1580,202
-6301440277750448426,289,1740,1685,95,539,361
-6284920522659750073,290,374,1268,395,1446,845
-6276733705223916438,291,895,332,72,1288,234
-6273276101162180437,292,715,665,564,594,924
-6263408883539936026,293,138,317,343,994,1599
-6258071927387180198,294,1162,1552,278,1889,1472
-6254342326107002908,295,115,206,41,867,777
-6246099423021213661,296,1089,658,1861,1258,1646
-6234126753805415756,297,609,813,1829,1577,1309
-6226728612139235550,298,1835,1718,1226,742,322
-6201845445987166377,299,1257,1430,688,631,1072
-6196110550195246902,300,767,746,358,696,1808
-6195985550971229641,301,1621,1262,676,1478,404
-6191712716519536331,302,1140,945,1404,1085,1480
-6188912942004687815,303,1773,88,1198,1543,1656
-6188513246080579917,304,586,828,1073,1461,1407
-6174073684310263806,305,1271,1327,554,85,161
-6153009241569363021,306,1748,138,317,343,1653
-6150302542037419158,307,1049,602,364,698,1692
-6149164633108566454,308,1308,1257,1868,1039,1878
-6147128788680571885,309,1035,1724,967,1084,1809
-6120788038252469111,310,1468,1010,1098,330,661
-6105296070998675410,311,1668,1752,1236,1472,1207
-6092930928762182421,312,757,1109,908,1388,1211
-6086253348642297377,313,1341,929,927,512,409
-6085280990332832124,314,1270,1832,449,89,1477
-6067316262393890508,315,1205,1142,287,1124,763
-6067117771623247046,316,1352,1536,1254,1808,300
-6051200701553773830,317,138,343,293,1599,173
-6037268165948401442,318,145,358,1259,129,1043
-6030696784871381528,319,1166,1262,614,1064,952
-6023498443312206944,320,381,103,866,1521,762
-6014236343041475884,321,1065,1821,475,661,1028
-6003416708481128042,322,1054,1158,164,1226,397
-5969793184455185931,323,1010,1131,1556,649,485
-5934412187320282485,324,1146,551,1264,898,1096
-5927761996778212028,325,772,163,407,792,364
-5918600103053825191,326,758,1327,418,554,825
-5898985842339810358,1040,327,1374,178,1463,1822
-5897227245778614914,328,590,1478,569,724,1360
-5889508433273998867,329,1829,813,1577,901,1018
-5885124187219991847,330,1010,1687,310,1040,327
-5873562008332486480,331,155,1589,869,30,1272
-5873251123741236991,332,895,72,822,291,1885
-5868110530814399805,333,1124,1142,782,226,1703
-5867382161915898777,334,1011,1827,1140,1394,1647
-5847938315205392554,335,475,1065,1821,1826,1868
-5843903748452152677,336,1043,1099,318,528,1262
-5833749125541124532,337,95,129,124,1539,1242
-5823562314929634489,338,1028,7,321,1750,746
-5812738875803363289,339,1512,1145,1385,391,288
-5795907895499274955,340,1257,165,1032,1716,1430
-5776136876679063651,341,971,1801,1704,1151,745
-5761633761733198864,342,1669,1178,1568,109,1199
-5751474310428982362,343,317,138,293,1599,173
-5749772120640063461,564,344,665,594,1242,1770
-5732707497022383920,345,766,557,1309,944,267
-5713424050095083786,346,1176,746,1546,1467,1474
-5708042355439521851,347,1228,838,819,153,151
-5706287032724665714,348,1063,651,19,88,1833
-5680668197911418383,349,954,1061,459,1888,559
-5676352709327073303,350,1288,1885,893,919,1097
-5661737290289697460,351,609,495,2,124,575
-5648501732106474447,352,26,532,1036,1121,16
-5645906903825510952,353,1283,681,558,1408,557
-5643862669441284349,354,1340,1049,364,1540,235
-5639303336519418445,355,1426,1331,340,738,1866
-5638430380291209974,531,1834,356,251,573,568
-5636811822913690686,357,283,777,1524,1396,137
-5629192146302945053,358,547,1161,145,746,22
-5611964175902830423,359,151,1175,819,208,768
-5603024664917721129,360,1143,1648,974,953,54
-5598979686496942575,361,1740,1661,1685,1564,118
-5590226906710148930,362,992,942,1059,923,963
-5579363687688515285,363,540,788,511,648,449
-5573063483172708129,364,1049,1700,1752,493,307
-5564980755503989625,365,1714,146,1835,1586,1226
-5564766963021310897,366,720,777,1815,943,1732
-5555543386326483262,367,1072,631,1410,447,1127
-5548445604678482863,368,1770,1619,344,665,1431
-5527145562136413747,369,127,1147,1776,1627,161
-5521098251528574606,370,1414,1415,1558,1353,1004
-5515355809840273933,371,1762,1356,1427,1272,121
-5475982967047071860,372,1800,1093,669,976,708
-5474198417649529244,373,307,734,910,720,602
-5471407150604394704,374,845,1786,1702,390,1101
-5444946123447491034,375,118,1564,1661,361,366
-5444121833218924829,376,86,579,1667,752,432
-5442497765070894440,377,1813,1815,252,636,1414
-5419372988308173258,977,378,166,1832,89,1697
-5409830449698398534,379,699,875,718,1626,1391
-5404285628365611524,380,141,751,650,653,551
-5394062070584740055,381,1172,1671,36,1333,320
-5388083602161519863,382,1001,1143,360,1632,826
-5380862725077089346,383,698,602,1197,1692,486
-5375964707198876331,384,965,30,1223,520,74
-5374802517306837266,385,1332,41,1260,63,1199
-5369165863004219744,386,1208,419,734,1356,910
-5355462854406417157,387,850,1242,1770,1852,1619
-5350075904398342955,388,924,157,404,483,222
-5349775063975483956,389,1196,919,1097,1599,1580
-5319065950897061991,390,662,164,1158,374,1687
-5299969637554720500,391,1145,1289,385,1385,1685
-5292464982436362617,392,944,398,1199,1669,1178
-5282003003431699874,393,523,817,1465,220,345
-5281916878353077993,394,372,1800,1312,1195,944
-5267933492417667631,395,805,1092,1873,290,73
-5264754785175108362,396,1687,1843,440,1820,740
-5262297603302637154,662,1158,164,397,1406,144
-5254198861165604259,398,1669,146,105,1178,785
-5235597150466619554,399,673,1567,1067,834,119
-5230721907253934520,400,1466,1103,197,1394,1066
-5201927981686846343,401,189,780,1332,1620,1397
-5189509074197685318,402,1687,330,1010,173,178
-5187161118553677346,403,612,1743,1472,526,758
-5185927176743959823,404,924,483,901,744,993
-5179891559567091709,405,1816,288,960,764,439
-5157376071499052964,406,755,1874,1121,671,1739
-5152256545918702222,407,325,37,1877,1407,1494
-5150600065224095351,408,1176,746,613,479,1568
-5145337910218163424,409,511,788,351,515,609
-5140211912313628591,410,397,662,1158,164,194
-5131518539710081313,411,594,564,1431,116,1539
-5118506922564478779,412,510,1273,1402,1427,1097
-5100926371641297268,413,593,1102,5,1136,1715
-5094446514734487376,414,674,1181,1784,841,1563
-5093004687291831376,415,867,1249,871,477,1816
-5091443926295682841,416,1443,173,976,1234,18
-5090528934888924741,417,1216,1633,1120,1443,173
-5088875531913232577,418,326,1027,1044,947,792
-5087878572343192653,419,562,501,386,1351,1523
-5079486872023453139,468,420,1106,1025,868,1525
-5072443283995887811,421,259,1711,1788,1112,959
-5070718731712624222,422,504,869,758,1223,1150
-5052218473217969334,423,234,893,1457,1271,650
-5046509793031129706,424,399,1562,896,1514,1491
-5015635036263983705,425,100,1398,1476,1840,826
-4998109382710136565,426,1556,793,1110,696,1023
-4996398807012464468,427,262,435,910,71,1094
-4983718076569357817,428,894,591,237,1139,347
-4973943928816784376,181,429,604,59,1233,21
-4962618906503701424,430,1671,36,1733,1770,273
-4954807600136304681,431,816,15,748,1681,16
-4952379459094765124,432,1607,376,86,1667,579
-4951299570479013427,433,947,1530,1273,1746,1664
-4951114616026800382,434,1807,1601,1612,1221,1651
-4931425677766995812,1094,435,71,770,910,734
-4885223078646518099,436,1037,8,1293,1212,205
-4871730724883279044,437,1635,1695,1532,57,423
-4849725881573334985,438,966,1342,959,1819,1808
-4831144415854234924,439,1764,124,1013,500,998
-4830018755429682246,440,1744,755,1049,364,396
-4827592624810944078,441,1643,1022,126,352,1396
-4820143702236579967,442,1300,1573,822,650,221
-4810326597879746920,443,1848,1157,966,1508,438
-4807214756718635462,444,1052,945,61,956,159
-4805195090397567709,445,1331,1269,618,1701,1049
-4799619569027538530,446,1272,1762,1356,121,720
-4767444107153363126,447,631,1072,699,875,1626
-4756235019094063793,448,280,75,1769,1034,1182
-4755053149333666310,449,150,1697,1566,1832,648
-4753128705824132934,450,1409,18,1667,579,86
-4752363236131440693,451,1054,669,1435,782,1718
-4751604321660934118,452,747,283,780,1236,233
-4751483211611918217,453,1049,364,1700,1752,493
-4746388521877686441,454,830,1599,1536,1467,836
-4744441833918341987,455,1166,703,1634,237,1843
-4733247784100640601,456,1332,805,1092,1873,73
-4730260618779969536,457,870,809,616,158,460
-4716637009380371036,458,1348,552,1021,1689,697
-4712939006281398894,459,1704,1788,1758,1711,18
-4704816572261468538,460,870,616,158,917,1489
-4689663873479122679,461,674,1259,1708,724,1521
-4672651098227394709,462,1533,470,1130,91,1874
-4660766804997495035,463,1072,1269,1265,1266,1263
-4659085198634436081,464,1414,1122,1572,1057,1785
-4654550534260740358,465,1231,1216,799,1572,1343
-4654217101618903973,466,1305,515,1290,511,788
-4653503070379628113,467,1189,1485,839,827,484
-4653185725743410637,468,420,1106,1025,868,1525
-4643217303855133293,469,1356,121,1272,1762,371
-4641380479888865592,470,1533,435,462,770,1094
-4627026983118548639,471,1412,1138,863,1228,1435
-4626095867768213597,472,144,1702,1541,1101,1131
-4618303625354887816,473,134,1450,1403,168,986
-4611709672528454566,474,1199,1332,1665,1274,944
-4611063622188844434,1821,475,1065,1736,909,583
-4596110728469327807,476,1868,213,840,398,1338
-4596035061781069791,477,577,1050,942,415,147
-4585796377251906117,478,1384,1380,566,539,729
-4582116311327386707,479,1077,1427,1397,1669,126
-4573709982958788743,480,252,1697,511,788,1005
-4566409676058071368,481,1411,570,1607,794,1670
-4560916320815213506,482,164,662,397,1158,539
-4543093052611851269,404,924,483,901,744,993
-4529000568350205155,484,1189,827,12,467,839
-4491909192209964776,485,68,323,1322,1416,667
-4490476523398330782,486,280,847,842,1677,1813
-4474315553653067079,487,1264,1146,1892,1450,1406
-4467650312287951120,488,156,593,1181,1169,1321
-4465926797008424436,489,72,1288,893,1286,544
-4459091019090447019,490,24,71,770,734,435
-4448388750105189364,491,149,855,235,1157,1540
-4447090897576014728,492,1826,746,936,1176,124
-4432034906943587380,493,1049,364,1700,1752,307
-4423008059717567142,494,148,1026,1149,210,1685
-4420330605795848283,495,556,564,605,1696,273
-4393985619024428888,496,717,1572,1790,1750,1222
-4392503848617046749,497,602,698,1692,1446,932
-4387750328010332599,498,875,718,1626,699,1586
-4384580909851654688,499,1338,1504,743,1502,358
-4378027254566262232,500,924,404,483,439,842
-4367677270653877094,501,562,419,761,802,1708
-4365814373122798921,502,18,1849,1305,694,459
-4359668517495657229,503,698,602,208,1692,1718
-4355190001103094206,504,422,628,945,188,630
-4319627801793650960,505,483,924,404,627,598
-4312494396888667550,506,614,1528,1371,108,1319
-4309872815953358011,507,43,193,565,1416,1280
-4306649787035054667,508,1014,1290,1039,631,1684
-4298177694576275482,509,1507,726,1496,801,64
-4293690759387208926,510,412,1273,1328,954,848
-4279226710794155360,788,511,480,1214,252,540
-4246695160507476121,512,313,1021,1126,1091,1569
-4246040813531967142,513,1747,1725,1688,1223,1743
-4243635261966794110,514,1470,187,1555,1101,1597
-4207804517986673674,515,1855,698,602,923,511
-4207306127013767407,516,35,779,487,1443,1264
-4167415844282118439,517,661,892,583,1162,1619
-4165818767652094649,518,1138,289,1022,1332,1868
-4160173091318455989,519,1394,1690,869,197,1466
-4156881138997502031,520,805,1092,1873,73,1595
-4154712816784766009,521,1626,875,718,699,1391
-4139451785876182601,522,1196,168,986,919,1403
-4133735994159009937,523,393,1465,220,1377,660
-4125205337625989832,524,1090,965,1448,533,1569
-4116514811367777845,525,325,88,902,875,407
-4111723879505360159,526,1743,403,532,792,947
-4101553783427619792,527,1157,1508,1120,825,1227
-4097432147189001825,528,1099,740,672,703,1043
-4095153241356673613,529,1590,477,960,501,689
-4092545774372727680,530,1585,1343,1390,92,1650
-4089681179734335594,531,1834,356,251,573,568
-4088459209129433051,532,1468,61,1472,60,1747
-4082616567756603262,533,1687,1018,944,1090,1577
-4074190903915477991,534,718,1626,875,699,1391
-4070244201184983176,535,749,288,143,1236,1580
-4069033192522234994,536,811,1392,1247,660,991
-4051949751637798126,537,1153,214,788,923,1566
-4045556372014952225,538,187,1470,246,855,1769
-4040668102765732838,539,1740,1685,95,289,729
-4035260395140860313,540,449,25,1697,511,1477
-4028919343899978105,541,1657,13,559,1319,1858
-4018803464081408829,542,1014,1039,1290,508,1652
-3999591444223936177,543,704,62,1035,1813,1414
-3992639648918314515,544,562,956,279,489,630
-3989802106718825881,545,585,1427,1331,270,1534
-3978390417378743562,546,1341,379,631,439,1764
-3976829886646506384,547,358,145,1161,746,22
-3972388990373881334,548,308,662,164,1158,397
-3968392807491756801,549,871,167,1775,1056,227
-3954277405987282296,550,899,1394,398,17,191
-3952369149636090575,551,1096,898,324,1573,650
-3946214281191348339,552,1306,903,1421,1161,458
-3939882303077150254,553,653,1369,1196,898,1097
-3933783680725097100,554,1327,1117,1271,1352,1727
-3922165526049430121,555,2,1149,1026,946,1878
-3919588699192903305,564,344,665,594,1242,1770
-3918235718539456385,557,766,1357,1309,944,1283
-3903708422224520066,558,121,1283,1272,1356,1762
-3896187702811204367,559,1545,1460,1734,1061,1385
-3862340787975219254,560,288,1580,1512,1236,1289
-3842000768177268018,561,140,1324,990,1247,1003
-3834559600071441352,562,419,501,1269,637,544
-3815514359891076081,563,1443,28,936,173,665
-3815225870990439471,564,344,665,594,1242,1770
-3808141682397656195,565,756,1350,698,602,507
-3806521031040937656,566,12,1449,430,1591,1770
-3792382538520905414,567,275,1577,1384,813,1829
-3765908696018622270,568,1834,356,531,573,251
-3754740674364199788,569,590,1478,328,703,57
-3723994188139150135,570,481,1411,1607,794,1670
-3707046244070418512,571,875,718,699,317,138
-3696538850054062306,572,1633,802,419,417,501
-3687079152644990551,573,356,531,1834,251,568
-3683161502313045202,574,1062,1649,1662,885,1600
-3671569832980816109,575,564,594,556,1829,1770
-3659018663421577879,576,564,1242,665,1770,594
-3643155458357242906,577,477,1050,1380,1580,1798
-3637188778150475975,578,1552,278,1889,687,294
-3630934602147394347,376,86,579,1667,752,432
-3626028832820976226,580,1198,1599,1094,317,71
-3624328811734325188,581,62,1860,256,1283,531
-3624328531509974041,582,1784,841,775,60,414
-3622247491936204151,583,661,1065,475,1821,892
-3620817660824718175,584,1111,1885,895,822,332
-3615447949172121990,585,545,1305,270,905,649
-3607418154433191576,586,1073,304,1461,1407,473
-3598766333334489248,587,639,520,843,1297,1595
-3596626804281480007,588,798,831,926,1319,682
-3595444231792050977,589,1359,1725,1386,191,1472
-3557021596086011525,569,590,1478,328,703,57
-3541787362373960040,591,1552,428,278,1472,687
-3535274684588209118,592,87,1383,1286,102,137
-3520426145036898999,593,156,413,1674,488,74
-3518675459495383252,564,344,665,594,1242,1770
-3508202263850468997,595,685,484,445,1559,1515
-3500661007957156229,596,27,1871,1596,127,793
-3474152259371895547,597,1731,682,66,798,245
-3466571388255450931,598,639,1275,1668,1453,1195
-3466039595643284366,599,764,960,699,468,875
-3458422503840091409,600,49,1507,726,1049,364
-3452896239697713851,601,96,661,264,426,522
-3427616314367978347,602,698,1692,307,1628,1855
-3424085881110247816,603,1291,1422,1205,222,151
-3416264867487266035,604,1472,564,1431,556,116
-3410401356987328689,564,344,665,594,1242,1770
-3404190841749582304,606,1356,121,1272,1762,1417
-3390049372067052505,607,682,1197,782,831,209
-3381527457560577265,608,1288,895,332,722,291
-3380175130925274514,609,800,1829,1577,1332,1376
-3376883282774348616,610,1272,1762,121,1356,1000
-3374649409463162440,611,1113,618,339,767,602
-3362047598052899495,612,1460,403,163,755,827
-3359754325623847734,1568,613,1311,1346,564,556
-3359156065199608672,614,703,1371,237,1262,1454
-3352759316178227738,615,442,1300,324,134,1080
-3344794336991778165,616,1489,665,1242,1696,870
-3339548862065982525,617,642,7,1032,1351,1413
-3333861147700991931,618,1027,839,445,835,611
-3325685634318512394,619,1718,146,398,634,105
-3325508780389598615,620,273,1431,635,655,1619
-3322908086840558280,621,1066,991,1248,1182,899
-3312348638382721804,622,898,1878,1096,551,324
-3295609019604191449,623,1328,954,686,1023,1703
-3275942195366018617,624,1338,1669,1772,1463,1178
-3259429699494042554,625,786,732,802,3,125
-3249945295915486865,626,1297,242,276,1714,728
-3247191585239311338,627,1085,1569,505,604,972
-3243733722016468044,628,1331,504,545,1553,201
-3230911339419872436,629,1529,1894,1394,1319,197
-3216836291203563246,630,1256,1223,1103,504,1833
-3209972853815463009,631,1072,1684,508,367,1410
-3203894957285229214,632,1353,1057,1244,1044,687
-3196433790714486571,633,1049,364,1630,1761,1643
-3160777155871929764,634,213,1868,1777,1226,861
-3160634209682347872,635,620,787,1020,858,1263
-3149181682396419557,636,847,1436,377,912,1016
-3138095816640178815,637,626,1297,97,562,1299
-3137752856866387729,638,608,1560,912,779,883
-3130517299527025526,639,1563,587,1099,598,153
-3107690258526146180,640,286,791,1848,784,1789
-3097435095152083451,641,1881,1122,1353,1677,1414
-3089736231378741206,642,1196,955,919,1097,1217
-3066526293290943446,643,1762,121,1272,1356,371
-3057753924708856977,644,919,1196,1097,1217,868
-3055952319719418325,645,792,1380,531,1834,356
-3051750834440989473,646,904,1476,1296,1681,1845
-3032653531967760133,647,1477,1270,25,540,1697
-3011221777935346594,648,1424,449,150,252,115
-2987910693129502800,649,487,1730,472,1264,1702
-2987249689651576371,650,1457,1096,1586,551,898
-2979881261169775358,651,1386,1390,1150,17,1319
-2979537012405607453,652,755,1669,342,372,1608
-2972186460377920790,653,551,1196,553,1097,898
-2963498984503943298,654,1749,763,1268,1136,684
-2943723574695001529,564,344,665,594,1242,1770
-2936612463070256553,656,268,1352,966,1536,1332
-2926609622227216860,657,1552,278,947,420,468
-2922237472410262877,658,1194,296,136,197,1024
-2902404120792546116,659,61,269,1256,12,368
-2901997243166418276,660,127,1776,1147,1627,369
-2879716572190393391,661,1098,892,583,556,655
-2868535578416417741,662,1158,164,397,1406,144
-2857832190675984236,663,622,1855,1670,1401,1587
-2857103494807137920,664,939,111,1673,1054,1353
-2839714998776867463,564,344,665,594,1242,1770
-2826197582088460753,666,1183,1531,1685,1399,719
-2820994773540913369,667,1240,323,1763,1010,167
-2802782618104446020,668,960,1014,1290,1039,1660
-2798582196833935066,669,853,1819,1234,1800,649
-2785363955043455312,670,960,764,155,88,399
-2772844562500836582,671,406,777,87,1522,780
-2763124458232441793,672,239,1099,528,740,1621
-2762344524254945371,673,1192,399,1660,1067,1438
-2755326258208057499,674,993,1563,461,1593,1844
-2726721797588771398,675,164,1158,662,397,144
-2720944634081565632,676,1360,944,371,479,609
-2708048174260028189,677,1097,1196,919,738,1217
-2690891220216547125,678,687,835,989,1224,872
-2674237157038464789,679,1293,1037,8,947,288
-2644571257397324782,680,162,609,813,1577,1829
-2644515735969463168,681,1408,1283,353,558,557
-2626634673110551643,682,831,1197,798,1319,607
-2623844842607044962,683,744,519,1753,766,1394
-2615487427211911927,684,1643,1452,1709,910,1094
-2594582613482026982,685,1515,1630,711,595,1559
-2569911338835117161,686,1332,1260,1199,63,1328
-2565917234522918465,687,1552,278,1889,1472,294
-2545236939408275407,688,1308,1257,299,75,1078
-2540706438239183757,689,920,880,298,1193,529
-2526700492308347656,690,1368,364,1049,1700,1752
-2525380383541287600,691,1526,1154,1586,650,442
-2517489119487350618,692,850,1676,1152,387,1708
-2511855597392146401,693,1114,1753,1319,1769,1394
-2506588480334766847,694,1229,18,729,1305,1584
-2492577687586455431,695,75,1209,1151,1308,141
-2484779020675533629,696,1176,253,426,1110,767
-2472976734554639184,697,115,150,189,79,1214
-2471365789103166860,602,698,1692,307,1628,1855
-2470248588564221167,718,875,1626,699,1391,1641
-2465847828331443343,700,487,1264,1146,608,1590
-2457136404620190048,701,1039,1290,1014,1246,542
-2455286848766388141,702,149,241,1613,31,932
-2448844607876098932,703,569,1478,590,1262,328
-2411675934925653835,704,1293,1037,8,543,205
-2406209330529428019,705,599,1762,1272,420,468
-2399792467181202454,706,1568,613,1311,1338,495
-2385757031765501802,707,398,372,1171,1199,1534
-2376088187709738156,708,1170,30,372,763,0
-2375109818259049493,709,719,1183,1399,269,143
-2373656804845892625,710,1470,218,1458,280,1331
-2368904890804470706,711,1515,685,288,286,1236
-2353507205274319323,712,613,766,1568,1311,840
-2350646782030041037,713,1663,1143,47,966,924
-2341407360157577080,714,911,111,729,1891,139
-2339455719722814827,715,809,1189,467,1532,1485
-2337468721613240548,716,1192,698,602,1692,307
-2336732663181547398,717,496,1790,306,519,1394
-2314784854300761836,718,875,1626,699,1391,1641
-2293463312801134683,1399,1183,719,143,709,269
-2283336709672397413,720,366,128,446,1637,373
-2233054196721773008,721,1553,1332,1730,63,1260
-2206389024273286643,722,1154,1586,1264,608,1088
-2186033964866370752,723,1331,18,1553,628,1305
-2184713157579455642,724,71,770,734,1094,910
-2184225127953983407,725,1226,1872,276,840,1455
-2183451894422160038,1496,726,1507,64,896,1159
-2165869757092084791,727,944,267,800,1352,408
-2139960351402630941,728,813,1577,1829,626,901
-2130333312704068707,729,1229,539,694,1799,1584
-2124216952049350222,730,1429,1064,285,1302,3
-2116515004529086881,731,813,1829,1577,901,1018
-2108111265827636778,732,625,262,439,1764,1260
-2074199579534092070,733,213,1868,1669,1178,1171
-2073149571359041612,1094,435,71,770,910,734
-2065443854703875357,735,8,1037,1293,93,1276
-2056820234974750170,736,1508,201,1157,1227,984
-2050699458865052139,737,478,415,919,477,1097
-2046460149482961761,738,677,779,35,1618,656
-2042597956641525807,739,1378,301,227,821,17
-2041685972080499493,740,1099,528,1843,672,575
-2037394713802820966,741,1624,1115,55,1329,1280
-2034546290283596259,742,1242,1770,344,564,594
-2024836947804425229,743,358,1374,145,1161,547
-2024285945568862273,744,901,404,1829,813,1577
-2012808108604118403,745,438,971,966,1801,1342
-2009078851588572723,746,1176,1826,54,1382,655
-1994081661238157543,747,283,452,1466,1107,841
-1951226479575477884,748,1345,431,288,1714,774
-1950418071739514767,749,1364,1434,1844,535,1028
-1949305601666774230,750,1467,18,1474,902,1283
-1930650513477268660,751,332,895,72,1111,653
-1927087713907125965,752,86,1667,579,376,432
-1915495401947962903,753,1069,746,1826,1176,1679
-1889513471801335580,754,613,1199,1568,742,495
-1886069756344781471,755,1324,137,406,652,1846
-1869419000593368978,756,698,602,1692,307,565
-1866274569619638098,757,655,564,1619,273,344
-1863544689523892600,758,326,1223,1256,422,484
-1848938642635494958,759,918,943,777,1732,1815
-1839633283550929346,760,1885,1288,1684,895,332
-1836083230511905974,761,1286,501,17,802,489
-1819083151847984459,762,1816,897,1734,141,405
-1799631734242668035,763,791,1749,654,1124,708
-1795678272668135222,764,960,405,1626,699,718
-1792997688627776863,765,1641,1827,874,1174,177
-1745775273879852894,766,1309,557,944,813,1644
-1724358244764242875,767,1101,96,1702,300,696
-1720728914094017041,768,1549,151,819,208,1175
-1714802647008415227,769,470,1662,713,1606,47
-1700667216862372833,1094,435,71,770,910,734
-1694477146133918626,771,827,445,956,1460,662
-1690554517720703181,772,288,792,1030,325,1580
-1684566741313744330,773,1390,1543,266,88,1383
-1678759546322702318,774,219,1451,698,602,1687
-1675520981561927902,775,1761,1630,1784,841,582
-1669398169117380092,776,1852,1028,1316,321,1783
-1649184579023990909,777,115,1732,206,943,366
-1643309141343055997,778,1808,1352,602,698,1692
-1641011110986019039,779,35,516,279,638,738
-1620609516898528700,780,401,1116,1510,452,1735
-1616903969205976623,781,746,226,1839,1142,655
-1602833675167376798,782,1142,1197,1516,1355,226
-1601406818656498127,783,933,1527,1597,1245,45
-1600250516072500874,784,813,1829,286,1577,901
-1599909055058013899,785,1669,1178,398,1199,109
-1582429643672455615,786,655,1619,86,344,625
-1578287561410088674,787,19,651,1114,175,1319
-1569445293780941733,788,511,480,1214,252,540
-1561982036714087726,789,1196,1097,919,1217,522
-1547632488317277075,790,1345,1229,1584,51,1080
-1532427549655023552,791,1848,1749,763,640,1124
-1520722959467302251,792,1030,261,1659,1438,12
-1496589699638750920,793,1110,426,1374,1556,1023
-1496206710381205016,794,481,1427,1411,1332,1397
-1489196353998999052,795,376,86,579,1667,752
-1479311724257856983,796,798,588,831,1319,152
-1454518985966405190,797,1038,813,1577,1829,1509
-1443636648652872475,798,831,588,796,682,1344
-1424879049675055518,1231,799,911,465,377,1315
-1418401413426656337,800,267,609,1822,1463,1577
-1410112619805614798,801,777,1278,509,90,903
-1402490765047599382,802,1104,625,572,1883,501
-1393866732742189886,803,1344,1833,1319,1004,1394
-1387464358334758758,804,19,1063,17,348,29
-1387205416699933583,805,1092,1873,73,1058,520
-1380636509010496168,806,310,825,956,1239,364
-1372859690779491423,807,560,1280,901,193,476
-1367575386492755119,808,1358,1142,763,315,428
-1367069781843778997,809,715,457,191,1189,341
-1352542225971050638,810,495,124,532,1242,655
-1352064057049251194,811,536,991,1392,1451,1011
-1339908024252273488,812,61,81,1579,1642,1256
-1338563035023619077,813,1577,1829,901,1018,162
-1303332777463080581,814,1623,1206,798,1319,831
-1292787032977259947,815,432,456,307,809,17
-1278786815002349091,816,1619,1431,655,344,665
-1272364595235252747,817,609,1333,393,345,731
-1267244739128557821,818,196,933,1782,299,1419
-1260665845176491808,819,151,121,1272,1356,1762
-1257176162426022931,820,233,1639,1529,1236,1182
-1251984896177895077,821,1264,1045,1884,687,1146
-1240240181889306463,822,895,332,221,1111,1403
-1210556051231780191,823,1691,1644,1588,824,973
-1160159014793528221,824,1332,1260,63,1199,609
-1157793243708252831,825,1239,956,1564,1049,1661
-1130272294246983140,826,1632,382,1605,1171,1467
-1119397949556155765,827,1472,1189,484,532,1552
-1113322110177216831,828,304,1426,859,513,1761
-1110220372195277179,829,813,1427,1829,1577,1534
-1093393486211919385,830,902,1758,1474,1467,836
-1032019229384696495,831,798,682,1197,588,926
-1007001694607905623,832,1564,1399,719,1049,1183
-968371571321396196,833,699,718,875,1626,1391
-962915895568757637,834,1067,102,1567,399,155
-960951213834982069,835,1873,618,678,1544,1044
-956121253536943129,1758,1467,1474,1683,902,836
-936933622636297420,837,344,116,1539,594,665
-926222002072636259,838,153,1228,347,1282,953
-909688769922425154,839,1824,1189,914,1236,1752
-900146660487611772,840,712,613,1568,845,616
-899408017713069700,841,903,1545,1027,1784,775
-897315218084387621,842,404,483,1290,805,1014
-887301601153643466,843,587,228,1297,1545,410
-867171338823652769,844,145,1178,358,1490,1171
-853245389484599144,845,1786,374,1669,260,1178
-852576272315727317,846,1886,303,19,1265,1264
-840631936412652041,847,636,486,1084,912,842
-830175562779396891,848,1489,510,576,204,616
-815115778175704957,849,1768,1307,308,1200,620
-776856765376510270,850,157,222,387,692,388
-745910898297651075,851,1294,1538,1320,1824,827
-737564610065686480,852,1236,279,857,989,259
-717438927863132130,853,669,1819,1774,1800,1019
-714914145425798678,854,594,344,376,1431,564
-712118237016184478,855,187,1470,1643,108,1022
-710135072571868067,856,1627,860,829,1776,1465
-709489070586681689,857,852,384,673,1824,809
-709287718034731589,858,831,17,798,682,1319
-698695976631873505,859,1770,665,556,605,594
-687504123637131206,860,201,984,736,281,1588
-673531841386475474,861,1868,213,1841,733,634
-664586119638092697,862,1740,1685,95,539,289
-663224541983667655,863,1264,487,1146,1450,324
-647801535221797956,864,1069,179,1055,656,524
-634318177541615985,865,863,1881,967,1813,351
-604923632438177509,866,1661,118,966,1633,438
-602652944709413420,867,115,415,41,295,777
-589556961479434625,868,1196,919,468,1097,1264
-588447608033313001,869,1747,1472,422,1165,827
-573145652692796579,870,460,158,616,1799,1489
-560055148675865863,871,1094,549,734,770,910
-558674720007730591,872,1332,1734,993,339,678
-534549863526737439,873,956,798,1319,1323,1052
-525884353997447559,874,1641,1827,765,1555,1364
-522675969675206118,718,875,1626,699,1391,1641
-519417515410583677,876,265,48,33,782,1197
-510621402112686165,877,1147,1327,1352,1517,1776
-502319718136389439,878,1687,1634,1187,1822,1393
-492179582639058400,879,1470,187,399,674,1286
-485491685721852725,880,178,1040,327,1131,1702
-483468163475294331,881,1147,1352,297,127,233
-482673732359673995,882,1850,27,651,45,243
-468976912875459588,883,947,307,1752,1049,638
-468849228680532284,884,1000,217,553,1389,1141
-453678802103139441,885,574,1795,1001,136,415
-446108537367277392,886,1214,1566,1598,150,252
-445337111692715325,887,426,1556,793,1862,696
-444330148331768170,888,1352,139,1254,47,1110
-440665250653720182,889,1026,1,946,1499,1125
-437375666128963453,890,1651,1650,1358,1063,1263
-387586131996064525,891,487,1418,1264,944,1199
-376778416081419926,892,1431,605,273,556,594
-375620451534537810,893,1288,72,234,1457,822
-371714709017462066,894,428,591,1838,1033,1186
-366633407730691449,332,895,72,822,291,1885
-365299596832281345,896,1496,726,1507,64,1514
-352396174273361981,897,1816,762,1734,141,405
-331069051675975961,551,1096,898,324,1573,650
-331066625167168067,899,398,968,1323,1590,218
-325701796242557223,900,785,1551,1195,1136,1881
-321944193333055829,901,744,1577,1829,813,1018
-318015038957279230,1758,1467,1474,1683,902,836
-316126625721320125,903,841,552,1306,1654,1846
-315113304665694510,904,646,845,487,1108,1692
-300596929621183623,905,1264,110,1146,1892,585
-299809122140089170,906,1529,1262,440,600,1744
-292717837486008213,907,901,813,1577,1829,1018
-290301761563498796,908,1094,734,435,770,910
-275731764162391825,909,1065,475,1821,1822,1847
-270546895637819286,1094,435,71,770,910,734
-259426774323606118,911,47,1271,438,799,966
-247684700657514424,912,1709,152,638,636,883
-243996608453935772,913,364,1049,1045,1700,1752
-241759414021954035,914,1752,1236,1890,1526,839
-240056303677024244,915,364,1162,1049,1700,1752
-229539536136014922,916,669,585,545,1572,649
-228253716855709880,917,870,460,616,158,1799
-214548742136783496,918,759,1604,220,644,804
-196685923741478181,1196,919,1097,1217,677,981
-181499526385989595,920,689,1782,952,1193,529
-178581347562798200,921,1038,969,1107,9,1650
-174458633445209100,922,813,1577,1829,1049,364
-159362672148316536,923,1855,1137,1059,1807,214
-155245639726091910,404,924,483,901,744,993
-123314413156450014,925,1659,1507,468,1385,726
-108842214936804958,926,1301,588,831,798,682
-89388927330481219,927,313,245,1319,1647,1833
-79727973358912408,928,1064,1429,1264,1266,1263
-74507320040642686,929,662,313,364,164,1158
-69908298492740622,930,1505,1276,263,1518,1710
-57558373945119606,931,27,1871,870,1596,179
-52409484500833933,932,1446,241,497,31,1009
-48161796606086482,933,1516,1527,682,226,818
-41506117647079716,934,1761,1380,113,1630,775
-35428957105270993,935,127,1147,1776,369,42
-19128711904675838,936,1431,1619,655,556,605
-9503309754973814,937,344,605,594,556,665
8516196196975927,938,1264,1265,1263,1267,1262
13723062087756322,939,664,1050,1682,1548,1810
22763587941636338,940,1753,1405,782,607,682
27448098970818567,941,946,1499,2,130,1835
54023883492884059,942,830,362,963,1467,477
62638191245089384,943,1815,366,777,1732,1278
98958074799194811,944,1199,766,557,1309,1665
102305705598210278,945,1480,504,444,1223,1747
115141794465366279,946,130,555,889,941,1026
116117092134318174,947,1273,433,657,1117,97
136132092222070703,948,1100,1728,299,701,1548
147389924550257400,949,1179,1633,1332,1397,140
148641288870400064,950,115,295,41,206,867
155995321339849783,951,144,1131,1010,1702,164
200898048267462935,952,920,1478,288,590,569
202369545176637828,953,1626,718,875,699,1391
203988498839984721,954,349,623,1889,1328,686
212272079522596410,955,1097,919,1196,642,1217
231949345024178942,956,1484,354,1049,1157,1508
237914382047088354,957,1362,1116,1078,1269,1794
242134863500793418,958,373,1289,439,980,905
249263379567853394,959,966,421,438,259,1711
250761037431884225,960,764,668,1401,241,234
264882333231965121,961,187,1470,1318,712,1505
267292780203427074,962,937,1525,1531,955,246
267728530742702522,963,942,362,598,137,1195
268671367195911338,964,1228,151,1175,333,1605
271781656508459677,965,354,1340,956,1027,1785
292532361146333039,438,966,1342,959,1819,1808
292607709308972335,967,309,1084,1724,364,1049
301435144665447655,968,137,1002,1729,348,115
311425034829720202,969,1107,921,1195,1591,792
321835166228655323,970,1817,319,1602,1205,940
326191734832924282,1801,971,341,745,1602,1870
327880779830247103,972,1633,746,1176,1826,604
333499316725738941,973,93,1669,405,1448,823
344280948527967603,974,1443,173,111,1143,1134
351842974578121899,975,236,1623,1361,990,1020
361614354650880527,976,416,372,1312,1234,1060
363672870875729536,977,378,166,1832,89,1697
363824806352919913,978,1580,724,1198,1628,435
374329072173397727,979,545,416,723,194,1312
381699973976932225,980,1570,1509,352,773,1543
415390704277094054,981,1097,1196,919,1217,677
434517017614495946,982,504,806,979,921,124
436785895835580263,983,1729,1492,1599,1889,1328
444394900236423414,984,201,736,1258,281,860
468544970414285553,985,1533,398,1140,1546,1047
473198064665088205,1403,168,986,206,1300,895
490109768671667408,987,647,1092,805,1873,73
495422936350381071,988,1202,993,70,1170,1685
520352373907677790,989,1828,1752,687,1372,678
534764222466712491,990,316,1147,727,1352,1675
548750006199694898,991,243,1568,613,811,1311
550471860708726941,992,655,1619,594,665,605
558547722271625548,993,483,674,924,404,901
582665477366900487,994,293,124,1645,1332,477
587317153219513379,995,1427,1843,1077,408,479
599868086167624974,996,1067,244,1543,266,989
607460302441631358,997,412,652,1280,1267,1264
627050427714622722,998,1283,551,1096,898,439
627408625947732191,999,1378,616,1192,751,583
653563125340201284,1000,121,1356,1272,1762,610
661836806751236173,1001,1635,382,1848,1749,791
670878778036881163,1002,88,630,651,1390,1543
674947025087085832,1003,1200,211,561,1274,1234
692689608292948411,1004,1319,1394,1698,588,1353
692872584674355244,1005,480,252,25,1697,449
693665567872370395,1006,579,86,1667,376,432
701021893037319987,1007,288,1512,1145,1236,560
712216333942199028,1008,1817,1731,108,1839,1721
712677817405323177,1009,1112,124,1051,1311,421
746283912829082877,1010,330,1680,1687,1820,310
753510015812479546,1011,1076,1476,1140,811,1247
753551422329466662,1012,551,1096,898,1573,324
760703210503201263,1013,213,1868,439,1764,231
762293582798342316,1039,1290,1014,542,508,1317
767930535033985534,1015,1,1523,1413,1883,572
781132119141619887,1016,1734,1661,1564,1167,1816
782574897116966534,1017,868,644,722,1264,1097
782843067739729113,1018,1577,813,1829,901,162
784021501623342249,1019,669,853,1819,1774,1800
801895594717772308,1020,682,1319,1466,1753,1114
803704643760678589,1021,606,1495,1651,833,825
813951249416003615,1022,1643,855,1017,1547,441
816623031097334102,1023,426,793,1131,1463,623
822144951619061489,1024,1669,1178,785,479,1199
828258475830882447,1025,1586,1037,1293,468,420
852862045361757752,1026,1409,889,555,494,450
858237111264601967,1027,1545,687,618,965,841
865004478722151014,1028,616,776,1750,749,321
881856221521045800,1029,1386,773,1390,1323,245
884543573245416380,1030,792,261,12,772,1659
899165159624701221,1031,344,1619,605,1539,1696
907221355688076938,1032,165,1780,1476,340,1605
908938729693125261,1033,1380,1466,1530,20,1114
909651159261292691,1034,855,1775,1182,1769,1658
913833950286021192,1035,62,309,1724,543,1572
915429212131112741,1036,1131,1702,253,1556,1332
922380381383493357,8,1293,1037,205,1563,1025
927368592355275427,1038,921,1509,797,1625,9
935513113565522500,1039,1290,1014,542,508,1317
940915072677580415,1040,327,1374,178,1463,1822
948924246990023864,1041,1252,196,826,1301,926
953707509720613429,1042,722,1450,332,895,1444
965837901014229373,1043,336,1099,231,239,318
983095443598229476,1044,12,1057,191,484,945
987030274299018507,1045,1049,364,913,1700,1752
989049974880576288,1046,1762,1356,121,1272,819
997469202936578234,1047,535,194,1866,1432,487
998688566268269815,1048,249,363,1605,186,171
1017339174977034774,364,1049,1700,1752,493,307
1022806743657391407,1050,477,577,1075,939,1006
1037187242736800310,1051,1311,556,1242,564,116
1049745013582301267,1052,1332,444,63,609,1260
1052826425441302346,1053,169,1727,127,369,1627
1056179711361543558,1054,322,602,1226,698,1859
1059826223086140014,1055,1799,1563,674,955,1593
1070632260016389736,1056,419,1208,1098,1826,1175
1072886587484133150,1057,351,1044,609,495,2
1077899085259031463,1058,805,1092,1158,397,662
1085441806335625070,1059,923,830,362,1599,1855
1097401149118884075,1060,273,1431,655,1696,556
1104652557829563522,1061,349,559,1521,1545,1660
1106030953585683677,1062,574,1649,1662,1600,136
1116121227607581999,1063,348,651,1319,19,1394
1120069409160402054,1064,1429,730,319,455,1302
1142268446511784734,1821,475,1065,1736,909,583
1163668879480930452,1066,628,734,1094,1192,435
1178253609400958886,1067,1025,834,399,1192,1037
1179811069358633650,1068,288,1427,1264,1146,487
1199529879715590322,1069,487,344,665,273,1539
1200132673411527362,1070,1481,1332,456,1761,1610
1202287501580555390,1071,174,1718,1778,1324,746
1203596964328222768,1072,463,631,367,1410,1269
1234688818012827660,1073,1094,586,910,435,1427
1234962692819082604,1074,564,665,655,1242,605
1236849919205595112,1075,1050,1677,645,20,9
1262852631026172055,1076,1418,1011,103,487,1500
1280568515001234056,1077,479,1427,1397,126,1251
1294815114730489475,1078,1573,204,442,822,107
1296936597887557880,1079,1394,651,1390,1725,1466
1306495113310433590,1080,1288,1229,1885,1586,1088
1311167471776689091,1081,1483,1140,1868,1885,1257
1314381940843524798,1082,1000,443,553,884,3
1317292353478724560,1083,1877,1196,1097,919,94
1328689979004101307,1084,215,1724,309,967,1881
1350157763260786208,1085,1743,627,1140,97,772
1355612258071912541,1086,273,1619,556,1431,344
1365060072341041043,1087,910,1094,770,477,734
1367440638985257517,1088,1885,1288,722,234,1080
1374824663945909617,1089,532,839,87,1856,869
1375974404896880736,1090,533,524,817,1715,790
1377941589660984019,1091,361,832,375,203,1480
1378281876431540451,805,1092,1873,73,1058,520
1384537990076119578,1093,1666,372,277,131,979
1402349278695678542,1094,435,71,770,910,734
1417592850229997386,1095,1507,364,1170,1049,726
1420795029195403133,551,1096,898,324,1573,650
1425812563629692700,1196,919,1097,1217,677,981
1438835971184308490,1098,661,655,556,1696,1619
1455185896278818838,1099,1043,528,740,639,336
1462681248589415568,1100,948,984,1660,1258,1438
1473125618302310292,1101,767,1702,472,1131,374
1492042537097239970,1102,1345,413,310,1276,839
1493119272824026132,1103,630,1236,1833,1207,384
1495301668431157205,1104,802,1864,1232,747,1056
1498116869772772394,1105,1222,1572,1140,1247,1069
1513200556927676772,1106,468,1120,420,576,1025
1538315580625707373,1107,969,921,1195,1591,46
1539552466471655556,1108,984,1037,8,1293,698
1552716327012883348,1109,1871,1596,312,757,179
1560134519462672730,1110,793,1131,426,696,767
1573057318153030747,1111,822,895,332,221,1467
1583464092462665913,1112,1770,1711,556,1696,1431
1598729374254679339,1113,96,601,611,264,1276
1623838599684589103,1114,693,17,651,1286,787
1664519865534446095,1115,966,438,1342,741,959
1671960877913596679,1116,1275,957,780,1162,1343
1673026171377815127,1117,1327,168,947,1403,1332
1693920335354805642,1118,420,468,1595,74,520
1697979965458795260,1119,1680,1180,936,1010,1669
1713887270044566468,1120,576,1106,527,153,417
1716230101302949859,1121,602,698,1692,352,307
1720358903345561796,1122,1572,464,641,1337,1813
1722265956540512475,1123,616,1700,1489,70,1574
1748162647671155552,1124,287,763,333,226,1358
1754215888246437356,1125,569,1633,590,1802,1478
1757579228100504390,1126,579,376,1667,86,752
1761626329244869141,1127,1208,138,317,343,293
1763748489948355015,1128,374,1871,288,1596,139
1766127404965083143,1129,792,1030,260,261,1510
1766257854965201953,1130,462,1543,155,1332,1199
1771843275312644574,1131,253,1702,661,1036,96
1774767834306888507,1132,1427,1077,371,1251,479
1786687931570279432,1133,665,1539,1770,594,273
1806521441217193155,1134,1443,173,438,966,1798
1811781596621121379,1135,1639,1529,1588,820,1769
1842102772860934554,1136,64,900,1496,836,1758
1842608769658022800,1137,923,1059,202,1855,1807
1859286169611301842,1138,518,1367,471,563,1893
1874422396201148365,1139,1687,1264,623,1450,1146
1877391915271243859,1140,1085,470,302,1743,985
1878936421026687751,1141,564,1242,655,1696,1539
1895326251577378793,1142,782,315,226,1358,1124
1899177452305284666,1143,360,1304,713,1634,1663
1899224753659027997,1144,397,1552,164,662,1283
1900641639431585863,1145,1332,288,1007,1512,41
1904791658745350290,1146,324,1264,487,1406,285
1908339160857512799,1147,127,369,1776,1266,881
1915826476552544131,1148,1734,960,770,1094,1701
1929981821863611546,1149,556,605,344,564,665
1949009070102523745,1150,1386,1390,88,651,1543
1955391843391686864,1151,1354,341,1320,1704,695
1960539917229374622,1152,1302,183,1262,1429,10
1961095124655762515,1153,537,1428,1566,25,708
1962800348704770740,1154,722,1586,895,332,442
1989391720504671111,1155,1740,1685,95,539,361
2002083152443772042,1156,1238,337,145,746,1230
2007115637217432151,1157,1508,1227,736,149,1804
2026153147373314589,662,1158,164,397,1406,144
2027621318564862772,1159,1496,726,1507,1377,896
2032181124951647555,1160,1065,1626,718,475,699
2047954150900722645,1161,358,547,746,145,22
2053848386729583433,1162,294,517,1275,915,4
2062590537770243336,1163,1254,316,1352,1536,835
2062670502532932588,1164,1301,1554,123,588,462
2092066876657604795,1165,532,317,1674,138,343
2111379813881770134,1166,1843,892,455,319,1099
2128780309574257234,1167,118,1661,1564,1589,375
2146546851324474301,1168,1381,1451,1797,11,1880
2152278030365935011,1169,288,177,560,1636,1580
2153555832231871151,1170,1670,1701,30,708,39
2163532571118538108,1171,1772,1474,1758,1467,902
2170267568856347247,1172,381,620,1310,1491,888
2183860428276579583,1173,194,149,410,778,1443
2195040187466632600,1174,1641,1331,1626,699,875
2207651454681143681,1175,151,208,359,819,768
2210973389578562049,1176,746,408,1826,54,1382
2217185536926141514,1177,189,755,1884,1069,1668
2217968793137479020,1178,1669,1199,613,1171,1568
2242420380923780072,1179,1417,76,473,949,1874
2245571896327774249,1180,314,1119,1063,247,180
2257339578739986222,1181,531,770,734,1094,910
2279740393166882579,1182,288,1741,1769,1639,560
2284848438607709479,1399,1183,719,143,709,269
2290322765105220968,1184,399,1394,673,1103,32
2318971825420092215,1185,650,1096,898,551,442
2320740534295635804,1186,947,106,773,1856,1383
2320931034665819997,1187,115,950,217,1238,878
2349820930531316047,1188,687,285,963,1264,472
2356170304064762532,1189,467,1485,653,1704,839
2360366466703086037,1190,123,873,926,17,1114
2366804926588454563,1191,1264,358,1146,487,863
2371321140062177199,1192,716,1501,673,1125,1378
2382182321331880703,1193,1111,1431,564,594,116
2402294896098905529,1194,658,1344,1295,798,1264
2405211284771043881,1195,969,1551,900,785,189
2406021340969268119,1196,919,1097,1217,677,981
2416280733544962613,1197,782,831,682,1323,607
2418539605878888070,1198,435,71,1094,770,734
2440735228721719292,1199,1665,944,1332,1274,1397
2446947580409722972,1200,1608,105,1416,1772,1134
2462105871733913255,1201,522,1544,285,1371,528
2504813350107957178,1202,1542,988,322,1265,1699
2528171022748821985,1203,43,657,52,1081,680
2530443148414180019,1204,919,1196,1097,1217,172
2542290381109225938,1205,315,603,1574,666,70
2551221442168658664,1206,1466,1833,1004,1323,1020
2553895156129400476,1207,827,325,1223,1659,772
2568936369305837696,1208,1127,386,1,1281,113
2597011162480707820,1209,1157,1508,695,736,1227
2612012348742830907,1210,335,1574,1805,1036,1556
2652684983165843086,1211,757,312,1109,1785,1724
2653698047369148236,1212,436,419,501,1049,364
2682799999279860984,1213,1236,288,1220,349,1037
2698350543662359063,1214,150,788,511,886,1566
2710839964657524617,1215,1451,1463,1455,661,1754
2713917754652198595,1216,1591,417,1009,465,566
2716205511902422174,1217,919,1097,1196,677,1745
2719909589256730446,1218,67,1215,1721,1206,1244
2736634093130347762,1219,1574,1031,665,1696,1431
2742184667238777387,1220,1293,8,1037,1631,1822
2754566407772265068,1221,651,1223,1207,758,1394
2758633233367218711,1222,1750,1572,62,496,1105
2760160224512620259,1223,1743,945,1725,1390,758
2763854919017259307,1224,1332,41,609,1199,63
2766187446275090740,1225,177,1198,1599,1580,734
2771740294605751248,1226,1826,140,634,1054,146
2774182511600794371,1227,1157,1508,736,149,1804
2783503166832565252,1228,151,1412,153,347,838
2783631344380511767,1229,729,694,1584,234,608
2785512916786763092,1230,178,1131,793,767,880
2804812532901416058,1231,799,911,465,377,1315
2805413569924963145,1232,674,1104,93,288,1593
2811220157680321451,1233,1859,1158,438,397,164
2828232395245246552,1234,669,1800,1443,416,1819
2833428826475063405,1235,130,1580,1198,1094,435
2859257312567870430,1236,288,560,1580,914,1752
2873028073541627603,1237,419,1523,1015,903,1477
2878978621264298198,1238,1187,41,950,115,1171
2891568537595470094,1239,825,1283,806,364,1049
2901546026085255870,1240,667,614,29,1371,1556
2903276950629630374,1241,610,609,351,661,800
2928785809533816042,564,344,665,594,1242,1770
2944202749145946530,1243,1067,834,844,798,1383
2947963873628556360,1244,1388,1057,67,632,1376
2956253493737623301,1245,1470,187,375,1720,1564
2959376686327377624,1246,542,701,770,910,435
2965795813240480461,1247,1797,536,561,1011,353
2966898457830124144,1248,1408,1488,681,250,1310
2976142380064454474,1249,613,1568,1311,1346,116
2979037241414071705,1250,70,93,1587,1123,1574
2988936926918977283,1251,1427,1077,371,479,63
3005175913610348223,1252,149,1564,118,1049,1041
3007673865213720513,1253,902,1467,1474,1758,1683
3007736603136734729,1254,1352,1110,300,1536,316
3009557673221751067,1255,1816,674,1685,1740,95
3014865794683484443,1256,61,1472,159,1030,1700
3018070803857087638,1257,1430,299,1308,688,340
3024551089288349719,1258,984,1470,187,1754,1545
3028038382445447853,1259,461,145,318,1621,1360
3032312047244400222,1260,1332,609,41,63,1199
3035603429390266976,1261,1847,1470,475,602,187
3061140421699761127,1262,703,567,1736,1617,239
3061273947166110301,1263,398,1178,1344,1669,88
3093942194563999589,1264,1146,487,1406,324,285
3094513233385472738,1265,257,1798,1386,244,651
3106760029136205156,1266,127,1147,1776,161,369
3109240325511826829,1267,41,112,115,1356,1762
3117868596680657524,1268,290,1835,654,698,602
3118792477913513242,1269,1072,445,562,463,484
3120894646139481140,1270,1631,1477,314,647,1697
3138250281946918035,1271,234,822,332,895,1327
3160832832459432993,1356,1272,121,1762,469,371
3165343501485572509,1273,947,412,510,433,657
3168119895433884486,1274,495,1199,124,1332,613
3168283140501778164,1275,598,1196,1162,919,639
3169151869928871334,1276,930,839,735,1578,1505
3172777932887155963,1277,1836,170,16,1265,123
3176752144516721566,1278,1384,1815,366,943,777
3205114392436179540,1279,1634,1609,1040,327,1374
3217014177234377440,1280,193,1763,807,21,507
3258998879061034753,1281,836,902,1474,1467,1758
3262617661597841651,1282,153,838,1228,1622,1783
3264751486968990182,1283,681,353,1408,557,558
3276989273780561693,1284,661,892,583,273,1431
3290087150125937633,1285,811,901,907,505,744
3302556033962996625,1286,1394,17,1383,1335,761
3314638233664462948,1287,624,284,1894,333,940
3325441127164563948,1288,1885,760,1684,893,234
3330410404902809049,1289,288,1580,1512,560,1236
3331199530550243739,1039,1290,1014,542,508,1317
3354817058723871028,1291,603,222,1193,1531,1422
3357462296682851629,1292,1340,712,1529,629,600
3367767507819728319,8,1293,1037,205,1563,1025
3369556380657647111,1294,1740,1685,95,539,289
3375381077362025672,1295,926,33,831,1301,826
3396828831632510915,1296,1381,358,646,1350,372
3411858238463877567,1297,626,242,728,276,1714
3413008167249007087,1298,1143,1412,360,845,54
3416948067212774732,1299,97,947,626,1293,734
3421008263148207008,1300,168,1403,986,442,206
3429602690322213789,1301,926,286,1164,831,784
3468719753199592246,1302,1412,183,1152,1429,1382
3469804916091663734,1303,1687,65,1776,878,1758
3472075810981614387,1304,1634,1143,1609,1862,1279
3473361105920727710,1305,18,270,694,585,450
3494915559963121377,1306,552,903,71,734,770
3499125955852759846,1307,849,61,310,1039,1851
3499852103594805231,1308,1257,1740,1685,75,95
3504731561932460708,1309,766,557,944,1644,1577
3508383192344282071,1310,1576,1873,1002,285,929
3541301246254761495,1311,1568,613,1346,1455,1242
3568240335801676264,1312,1524,694,1060,545,976
3576137684812235192,1313,25,449,1697,1428,540
3581462318368446161,1314,1620,97,542,1297,1576
3586672003786969120,1315,1394,1383,1286,1044,1221
3592784031357342393,1316,776,1783,1893,1542,1733
3599964226336487260,1317,1014,1290,1039,508,542
3603734003549693385,1318,1505,961,908,48,607
3609194402293569455,1319,651,682,1063,1004,1833
3617923130431400422,1320,851,118,1661,1151,1564
3622641762376806537,1321,81,1589,1773,1026,1167
3631158903888752348,1322,273,116,1431,1619,605
3636910968448833585,1323,1197,651,1319,348,1698
3637012274012079940,1324,755,1696,605,344,564
3648848852703752699,1325,1626,718,875,374,699
3649923015832992113,1326,1283,825,681,353,557
3656474357668705759,1327,85,1465,1117,1271,554
3658079167518330556,1328,623,1889,954,686,983
3681539658619684640,1329,398,156,593,875,1626
3694088851120856010,1330,54,495,746,742,1560
3721715385171565416,1331,1174,1495,1866,545,445
3724874610895730560,1332,609,41,1260,63,1199
3727379947077780682,1333,609,680,800,813,1376
3734911646343191965,1334,800,727,944,1077,479
3743121668889758064,1335,1286,1394,1216,1164,1751
3743262342828860520,1336,1734,751,762,1148,559
3761892846624989548,1337,699,1626,718,875,1391
3763760030606782798,1338,1199,1463,624,649,733
3773993939681666059,1339,1573,63,1078,43,442
3789334872668436357,1340,364,1049,1292,354,956
3803524018159743904,1341,313,1094,910,734,435
3813840926929287109,1342,966,438,959,1819,1808
3813842765808990208,1343,1116,1646,1162,530,465
3829784524040647339,1344,798,831,588,803,1004
3830009043480796666,1345,1102,310,748,790,858
3834688003207041787,1346,1568,613,1311,1431,605
3843342266203043708,1347,1611,1493,104,575,661
3852137951376367218,1348,458,1021,37,90,801
3856314584219831841,1349,1040,327,1463,178,1131
3858979792050083573,1350,1763,358,1304,1862,224
3861743074882551715,1351,875,699,1626,718,1391
3877012245649171389,1352,1254,1808,438,966,316
3891637997717104548,1353,641,632,1415,1004,1394
3914241489134147685,1354,1669,1178,1171,845,766
3915038251784681624,1355,782,1142,75,226,365
3915731617744867541,1356,1272,121,1762,469,371
3937943558206985686,1357,557,766,1309,944,1644
3938645257702379823,1358,1124,1142,682,226,708
3943833391732076335,1359,589,1633,532,30,949
3948719927571797789,1360,676,371,328,1621,672
3951178344539492760,1361,309,967,1887,1565,1084
3967557748970163452,1362,151,957,1684,819,631
3975064578509078598,1363,542,278,1014,477,1283
3985253218546481406,1364,364,749,1049,1700,307
4003231815629501248,1365,1890,792,701,1494,1221
4020353388159569223,1366,1734,1816,358,408,145
4055846614004717711,1367,719,1399,1183,626,1535
4055967006701596284,1368,690,1389,1078,38,227
4063400901401648079,1369,553,766,1469,1288,162
4067645678703694326,1370,767,390,1783,374,1401
4079953840379998293,1371,614,1166,1201,1843,319
4089451522605829298,1372,1752,495,839,690,124
4110069906204072059,1373,924,1626,483,404,875
4112820676974012466,1374,1040,327,1098,178,661
4142810830429822977,1375,151,1255,1840,819,208
4152854621536789039,1376,609,557,800,1283,1332
4153772604750430093,1377,1159,297,1051,1805,1254
4156846511612859158,1378,1192,739,663,1189,1660
4160581188559697212,1379,663,1401,1551,991,1855
4169646857976675264,1380,645,20,478,934,131
4177637448630955156,1381,1876,1168,1296,1451,57
4181242540645465576,1382,746,1176,1826,54,556
4209517478660372522,1383,1390,1286,1725,773,651
4210291066994276589,1384,1278,567,1495,65,972
4223428278618203229,1385,13,391,1706,339,387
4227773676394505435,1386,1390,1150,651,88,1543
4231150940887368692,1387,435,910,1094,734,770
4235703649180530683,1388,757,495,67,124,1274
4237436872789054577,1389,532,1762,1272,1332,121
4254153380739593270,1390,1386,1150,773,88,1725
4272924174028141645,1391,699,1626,875,718,1641
4297386640890689301,1392,536,811,14,63,1725
4309036796659976637,1393,23,1687,1822,878,1040
4313045637915476309,1394,197,1286,651,1466,1004
4313424003136719348,1395,690,1567,278,504,1332
4316004032341334816,1396,1674,1264,998,1146,439
4335864930735272674,1397,1199,479,1077,1665,944
4340306774493623681,1398,425,957,1226,1362,198
4391185772225937239,1399,1183,719,143,709,269
4402305355102966434,1400,288,1580,560,1512,1236
4410631448239520858,1401,483,960,924,404,1637
4417246933621591943,1402,510,412,1799,870,674
4425632151596546411,1403,168,986,206,1300,895
4426818790545324760,1404,302,1408,681,1140,1081
4432373331608915019,1405,1817,48,1197,117,782
4432455822487909836,1406,164,1264,397,662,1158
4448931013501667169,1407,1073,12,325,794,1835
4452189708713295810,1408,681,1283,1488,250,353
4465865943032551583,1409,1026,450,1687,86,579
4494974385324651912,1410,1072,631,367,650,1457
4507074084991519247,481,1411,570,1607,794,1670
4515144856688013871,1412,1228,1302,1435,97,863
4519830131595431685,1413,93,1470,187,1015,855
4531872167062142431,1414,464,1415,1813,377,641
4537318193229625884,1415,1414,1353,309,410,641
4538019749913665294,1416,1200,1350,487,1178,1418
4548488724210189431,1417,1356,1272,1179,1762,121
4548917054177353037,1418,487,1076,1357,1264,1455
4568163094592867577,1419,445,307,49,0,203
4597648841216101175,1420,655,605,665,1770,1696
4599302067448444444,1421,552,128,1306,159,1809
4603346753290831004,1422,819,151,495,1431,605
4609963702864659623,1423,1709,152,1767,912,764
4614383530893553884,1424,648,1832,449,363,1007
4624687138998541408,1425,875,483,1626,924,718
4658758950701852804,1426,1545,828,1851,587,1258
4666243309728748536,1427,1077,371,1251,240,479
4669648027055722877,1428,25,1462,449,540,1566
4670267857749552625,1429,1064,1302,730,1152,614
4672375507299551161,1430,1257,661,41,299,1308
4674800004298965524,564,344,665,594,1242,1770
4688306535438027974,1432,138,1196,919,317,1097
4699206643216946639,1433,1745,875,718,1626,699
4700771033189012708,1434,749,870,1028,224,1364
4724363485672980355,1435,698,1412,602,1692,669
4725902923381493476,1436,215,201,1881,984,736
4747927302016897914,1437,1060,29,652,811,887
4761239164144421315,1438,792,1030,1660,261,12
4778050608932092852,1439,241,1444,31,1042,1342
4791643529800239468,1440,1097,450,1667,18,579
4794949202379942794,1441,1755,969,1624,834,1386
4795304184119033503,1442,1228,153,742,117,838
4821458551551383582,1443,173,1134,1798,279,974
4828670979631202084,1444,1342,1042,1439,22,241
4857682569864081160,1445,1603,148,20,683,40
4864595946068685903,1446,932,1456,1420,740,241
4870191573331352123,1447,1742,121,1356,1272,1762
4884175244956679973,1448,794,1476,217,1187,878
4889177802413345393,1449,71,770,1094,910,435
4913740877702283721,1450,134,1264,72,487,332
4918484843075254252,1451,105,1772,1463,398,613
4942487288765370891,1452,435,71,1094,734,770
4946304010805340284,1453,189,598,1195,1143,963
4947619689618669252,1454,267,408,909,614,54
4965319960651517505,1455,1311,613,1568,1178,1346
4971787747747052991,1456,1446,1459,82,1420,740
4973223873869255414,1457,650,898,551,1096,324
4978950651925207299,1458,218,402,1482,899,710
4989759812391042852,1459,1551,1456,1552,278,294
4991824953436022802,1460,956,612,827,559,1743
5000549443219971803,1461,261,586,792,1030,1684
5008320953682428325,1462,205,1428,25,540,1832
5019290970146412524,1463,327,1040,1772,766,944
5030175185311671155,1464,1130,1223,191,120,1523
5127072228892237265,1465,1327,1727,1776,127,1352
5127372011815639401,1466,1394,651,1286,747,1150
5142672320208733528,1758,1467,1474,1683,902,836
5153128146669091747,1468,734,910,435,532,770
5164414299609762297,1469,766,1669,895,557,1309
5164416394753557974,187,1470,1555,514,855,1258
5164848620836376409,1471,78,262,305,1548,683
5171468887685579951,1472,532,1552,278,827,294
5175412143320664868,1473,146,398,944,1644,1298
5179265272566144834,1758,1467,1474,1683,902,836
5200962297848391505,1475,718,699,875,1626,745
5206835909720479405,1476,646,1448,1011,660,1451
5215438108989481599,1477,1270,647,540,25,1697
5218658959522482077,569,590,1478,328,703,57
5220802546024427652,1479,116,605,594,1539,564
5226673542598775232,1480,945,49,832,375,203
5234260375686192710,1481,1070,1585,1748,1828,810
5263287149644492961,1482,218,8,1293,1458,1037
5285998971508885394,1483,1885,1288,111,760,1684
5287342266016283959,1484,956,770,435,1094,71
5302455184783458750,1485,1189,467,839,827,484
5308460045611400351,1486,858,787,1262,1265,1263
5316031233920901237,1487,8,288,1549,1293,1037
5321535590192312132,1488,1408,1726,681,250,1492
5323091092312849986,1489,616,273,655,344,564
5327824330504712485,1490,54,1176,1374,746,426
5328649570833345873,1491,1390,1264,1299,8,407
5331529367419076871,1492,830,257,983,609,1729
5334461102384594203,1611,1493,1347,104,165,1353
5357244621297233547,1494,325,1223,792,407,1725
5374042110958693409,1495,1331,1384,1174,1021,1278
5386184253470300437,1496,726,1507,64,896,1159
5404470824348262768,1497,1536,138,317,343,874
5443789138803907929,1498,1815,252,515,1813,1572
5447073013858620840,1499,1026,2,946,941,1
5467013274030405401,1500,793,1111,613,327,1040
5469217996124449648,1501,1192,356,157,1834,1816
5489180667547554980,1502,358,746,1161,145,547
5497189205340943824,1503,1676,675,830,64,1823
5512723557838096173,1504,793,1110,499,1338,1517
5529670804473959645,1505,930,655,1696,665,1431
5565776571801586229,1506,1816,1854,1669,1178,1765
5569732571503995928,1496,726,1507,64,896,1159
5573804063428996341,1157,1508,1227,736,149,1804
5598109800222509376,1509,605,1539,116,665,1770
5598537709124463353,1510,780,286,1129,755,1556
5621833459783231486,1511,651,348,1319,19,1114
5623720506829906045,1512,288,1007,1236,560,1580
5640507686615993032,1513,117,1442,804,1361,0
5640522320021444231,1514,896,151,1166,424,1491
5647081278813804891,1515,685,711,1559,159,595
5660542693104786364,1516,782,1142,1504,933,1719
5663484293775216130,1517,316,1504,1808,134,99
5664882385083540533,1518,1293,930,1037,8,51
5676219165447745192,1519,71,698,602,435,770
5680079885186766579,1520,1091,710,1326,148,1237
5682616718200776468,1521,461,1061,154,455,1259
5683029675627635125,1522,433,1530,197,1022,1466
5683958305498326032,1523,1015,562,419,1300,1237
5693632915986723060,1524,644,1312,38,1060,1199
5694738036322440952,1525,468,420,937,962,1106
5694945747090752136,1526,1586,1890,106,141,1752
5705041016417759824,1527,547,1055,933,1175,1799
5707382540067831352,1528,764,1628,1322,273,116
5713241217519616260,1529,1135,906,820,745,1479
5741457098792610504,1530,1746,433,60,388,254
5742794170005951865,1531,1539,719,655,1183,1696
5746645399823844475,1532,715,161,923,1266,127
5749258710800262464,1533,1094,470,71,770,910
5755601244020790176,1534,609,829,432,800,1376
5758100189335708355,1535,1399,1183,719,26,269
5771407747274220992,1536,1254,316,1497,1352,1185
5784739374876308856,1537,254,1705,1605,284,17
5796758557398464934,1538,851,1294,1320,1824,827
5800889957182045739,564,344,665,594,1242,1770
5809929974953883409,1540,235,354,490,1794,491
5846606220859915204,1541,472,1834,531,356,251
5851603283697446214,1542,71,910,734,770,1094
5853826697811091550,1543,155,266,1130,88,1390
5867547777922915203,1544,1201,835,532,494,522
5881575383448548259,1545,841,1098,1027,559,1854
5885230890202679862,1546,346,1539,1111,438,1474
5907617845968952831,1547,145,426,1101,767,1556
5914788199018040446,1548,558,1682,119,41,939
5959984095915311263,1549,768,1487,1387,747,1857
5970634102483953353,1550,910,734,435,71,1094
5974049584912996673,1551,1552,1459,278,785,269
5981643811912670133,1552,278,294,1889,1472,687
5981663633600683389,1553,723,1730,628,91,1547
6003902177042843076,1554,893,1111,1164,1288,1469
6012274951617779459,1555,187,1470,777,1732,943
6013226412048763966,1556,426,793,1110,1131,661
6013800624570706808,1557,1577,813,1762,1272,121
6018247344671480458,1558,1414,1646,1815,464,87
6025457302462074178,1559,1515,685,595,1094,770
6034233372333743148,1560,1785,638,1813,1815,687
6034801943312383646,1561,45,710,1591,1383,123
6040926917589508037,1562,424,875,1755,654,718
6041815097649587443,1563,8,639,1037,674,1293
6058025571581574050,1661,118,1564,375,361,1167
6065857749689775301,1565,569,590,1478,865,1361
6080593856412409547,1566,150,449,252,214,511
6090234987314110812,1567,1199,1665,944,399,1332
6097953621403745884,1568,613,1311,1346,564,556
6104713116635733924,1569,1669,1178,1451,785,1171
6120111409505648242,1570,751,244,980,893,1390
6136591349108383474,1571,897,1448,1081,1115,1012
6154780244390457824,1572,1122,1750,1222,62,496
6168090978182414127,1573,551,898,1096,1078,442
6176664770623035795,1574,556,1696,564,594,1242
6177317203370394776,1575,65,1888,1683,875,902
6186215560165240407,1576,1768,1310,1830,1845,1314
6186399458088777787,813,1577,1829,901,1018,162
6186967354004372292,1578,1276,735,839,1746,8
6196511437047227700,1579,138,317,343,173,293
6205246482014899513,1580,1198,288,71,1094,734
6226325986476849014,1581,1872,1761,980,1353,1785
6247767575778104994,1582,376,1667,86,579,752
6259736937759908767,1583,746,616,145,1489,1826
6261180175389146557,1584,1229,213,1868,870,729
6315091808248158885,1585,185,530,1846,1726,1748
6321931602383418086,1586,141,498,650,1526,1025
6345153393696678763,1587,1332,70,1199,63,609
6354670420844196172,1588,919,1196,1097,1217,1017
6365858151678833812,1589,1646,1167,30,1715,1321
6388696234128928801,1590,700,529,899,1528,1562
6408246065272657336,1591,969,1216,1107,921,1195
6409254426985102122,1592,1797,1081,1768,1226,1376
6422310315629306805,1593,475,288,674,1065,1821
6431028376756785747,1594,171,306,1650,826,1280
6455155244621944245,1595,520,74,30,1747,587
6458841459311911210,1871,1596,1109,179,27,1128
6464364285286199002,1597,682,1004,798,660,514
6465469928207780773,1598,150,886,1566,1214,252
6488977616201798805,1599,1198,770,1094,138,71
6489937596283721990,1600,1572,1062,258,574,823
6500990175526024713,1601,364,288,1049,1700,560
6525511498345160052,1602,1801,971,341,1639,1419
6546316929334980944,1603,378,977,166,1697,1566
6557658036958641588,1604,483,404,924,718,699
6571439471025671820,1605,699,718,1626,875,1391
6574579966911353978,1606,713,1814,1663,54,1822
6575902539322817525,1607,432,1667,481,579,376
6590718530693270591,1608,1772,1463,1443,173,1669
6596465910631135896,1609,1634,1304,1279,1790,1143
6607840428081955009,1610,1467,1332,1474,1758,836
6608021257413778960,1611,1493,1347,104,165,1353
6619196047638753606,1612,1674,1660,668,1807,434
6634405260717362812,1613,1311,1112,1568,746,613
6643737413460895729,1614,1841,1124,964,861,287
6644119361202586331,1615,88,1390,525,155,651
6646901263143710184,1616,1242,605,594,118,344
6648370769037295216,1617,699,718,875,1626,1391
6650574433856141080,1618,1328,1889,954,686,623
6664027487651050780,564,344,665,594,1242,1770
6666652852815687733,1620,1452,97,963,701,1314
6675870946781601732,1621,1176,1360,1687,1478,569
6680762707204337829,1622,224,1282,1763,353,1557
6686431125336194142,1623,814,239,1043,336,975
6686977580828209471,1624,1816,741,762,897,1734
6719657604701927366,1625,805,1038,1264,1478,1092
6733950143166750732,718,875,1626,699,1391,1641
6735372008307093370,1627,1776,127,856,369,660
6746673763749201716,1628,121,1272,698,288,1762
6756039155228175109,1629,1451,1780,112,100,1238
6756286186140329847,1630,1761,685,775,633,1425
6762444709306614335,1631,1270,89,223,314,1220
6767912612638555664,1632,1331,445,382,826,1648
6769746180475991310,1633,972,417,1125,1707,154
6770298619054131102,1634,1609,1304,1279,1143,878
6773859371279096371,1635,1001,281,437,65,221
6782783560247628103,1636,69,1866,1169,338,771
6808447563258229576,1637,1401,720,483,1687,404
6842776165746724681,1638,845,1469,895,822,1786
6852303461450629547,1639,1135,1182,820,1582,1602
6860472782621321785,1640,766,1023,1238,162,426
6869463136069837774,1641,875,718,1626,699,1391
6874219153545533301,1642,805,1092,1873,73,520
6879394870211872116,1643,1022,1835,298,1893,426
6919601181993706462,1644,766,1309,557,944,813
6921649833761206472,1645,1143,994,360,293,974
6935578859207277054,1646,1589,1162,1167,30,517
6947583688031316012,1647,427,1394,1086,1286,1390
6950950583640154911,1648,360,863,953,254,1882
6952115305755720966,1649,1702,1477,374,472,1101
6960073744377754728,1650,921,969,1239,982,339
6967147874415599925,1651,1021,1372,1049,364,690
6970482293998499949,1652,542,1014,1039,1290,24
6971525809430309144,1653,306,651,186,1390,88
6999578934585823267,1654,1477,903,1841,647,1270
7001798922437039535,1655,1484,910,1094,770,435
7004923583685899415,1656,255,468,420,1543,266
7020155836312304353,1657,541,1317,1529,1336,996
7022645187549453002,1658,1829,1577,813,766,267
7025510797071058217,1659,792,1290,726,1496,1507
7026868317696281879,1660,1612,668,1438,673,1061
7029664293401391009,1661,118,1564,375,361,1167
7032629593137936425,1662,674,769,1062,574,1563
7047489233409645826,1663,713,47,1143,966,1687
7048619884024295715,1664,532,1687,262,433,310
7050294289650087293,1665,1199,944,1332,1274,1397
7056830237116201003,1666,1093,902,1474,1683,1467
7070113665567665306,376,86,579,1667,752,432
7072373334511597461,1668,202,1443,1552,288,1593
7100169606506886592,1669,1178,1199,109,766,785
7125399408132157547,1670,1170,1411,481,663,288
7127895053297750118,36,1671,1733,430,1824,1877
7131993520591621461,1672,598,600,1620,963,726
7157933165055102118,1673,1264,215,1146,487,324
7158331780077378326,1674,1612,1807,126,177,593
7167124757087633794,1675,1110,297,300,1147,127
7181121382861702936,1676,457,1628,692,953,1503
7184257542854236266,1677,1039,1014,1290,1813,641
7192340689726207788,1678,140,1704,923,1226,1740
7193191844620858589,1679,112,1412,1267,1819,115
7194703926313620020,1680,1010,936,1119,1820,1686
7208764727755771951,1681,1741,431,646,1143,816
7215563157885540458,1682,259,421,1711,1788,1741
7217813843212859192,1758,1467,1474,1683,902,836
7225913371090076296,1684,1885,1288,508,760,631
7233074116256996619,1740,1685,95,539,361,289
7235668197683658513,1686,1680,105,1311,936,1171
7253347881880417841,1687,23,1010,330,533,390
7293029244157928140,1688,1743,102,1223,956,513
7293456872726425233,1689,1748,1754,1572,458,1641
7302126548210559734,1690,157,222,1595,850,438
7305733895346640928,1691,823,1319,1262,1260,1264
7308050828570695169,1692,698,602,307,1628,1855
7308881151087125462,1693,1632,1078,254,171,1516
7316935598591113280,1694,187,930,1470,1885,1288
7337097409801560661,1695,542,839,668,1683,1014
7343585311477934211,564,344,665,594,1242,1770
7369311357280565934,1697,480,449,252,1477,1566
7392990465409599343,1698,1004,1323,1319,651,831
7410250256723888301,1699,800,1145,1332,1331,288
7410536834579425750,1700,1049,364,493,307,1752
7419185914573132331,1701,1170,1189,467,445,1148
7421028931799469478,1702,1131,374,472,1101,661
7421498048184238966,1703,1328,983,623,80,954
7436632006907922334,1704,1467,1758,1474,902,1683
7438444945156715220,1705,1537,792,1412,1030,212
7450357541426294610,1706,1385,1674,1236,1752,1021
7459660693589256038,1707,1094,71,770,1674,910
7477658738278650537,1708,674,792,461,212,1030
7499921743426045629,152,1709,1423,912,350,684
7518465061839634935,1710,930,263,1835,365,624
7526378498958185062,421,259,1711,1788,1112,959
7527226129639571966,1712,699,875,718,833,1626
7530102388348371118,1713,1856,1036,1264,187,645
7538338997444233985,1714,626,365,1297,242,76
7554279798570266254,1715,1589,30,1646,956,413
7555752854236030786,1716,1397,1187,165,1669,1178
7563882320191729616,1717,213,1868,1835,742,15
7565903375902761063,1718,298,503,941,242,619
7580644064067188685,1719,788,511,1142,953,1516
7584856762328012632,1720,1564,1661,118,1245,375
7585672106741478592,1721,415,1249,867,359,1489
7591088849912178995,1722,1457,650,1776,893,1147
7606269372482386958,1723,1835,1569,1819,115,708
7640646622715356888,1724,309,1035,1084,967,215
7645894863578715801,1725,1390,1383,1223,589,513
7660434827542910956,1726,681,1488,1408,1492,1242
7696404421947461044,1727,1465,1776,127,1146,1309
7703284633155187943,1728,477,366,923,980,1337
7704379999515121028,1729,1599,770,71,910,259
7705707768530115638,1730,649,487,1553,1264,1816
7712504245368411024,1731,298,1155,597,1427,1008
7720698478711252076,1732,366,943,1251,1815,63
7733918951272853713,1733,36,1671,430,1824,840
7738156533824098084,1734,1816,1366,1336,762,1016
7741213197781008422,1735,189,517,79,1420,1162
7772588855940376073,1736,475,1821,1065,909,275
7774613525190730745,1737,137,115,41,1239,9
7780048623954214635,1738,719,1399,1183,1078,26
7781822014935525018,1739,1768,1397,1199,495,1576
7786886764401143933,1740,1685,95,539,361,289
7801363117660380111,1741,1682,1182,203,1681,1639
7842090627885077038,1742,1352,1254,1447,127,1147
7845017617453570455,1743,1085,657,827,1140,1472
7857964154553078459,1744,440,578,1103,364,1385
7865652808772308114,1745,1196,919,1097,1217,981
7866703251910305848,1746,1530,433,1578,60,388
7869282721414305216,1747,532,869,827,1468,1595
7871236101796363710,1748,1885,1585,1288,1689,175
7887000664348414989,1749,1848,791,654,763,443
7888432621799586316,1750,1222,1572,655,1564,556
7890134385692540512,1751,1722,793,1753,1776,968
7911347399014555575,1752,364,1049,134,1700,307
7948079555216525045,1753,696,708,940,1358,209
7948330930322808597,1754,556,273,1696,1619,605
7949112290920100677,1755,1031,1864,78,1441,581
7977027884323942353,1756,390,964,912,1355,1638
7977599065228355745,1757,1497,1633,1652,1555,317
7983645651075949171,1758,1467,1474,1683,902,836
7984451585080990517,1759,1604,805,404,435,1634
7992167105183320533,1760,1527,640,48,1142,858
8006128198708352549,1761,1630,775,934,633,1070
8014392542728644887,1356,1272,121,1762,469,371
8029287010580464803,1763,547,746,1350,1374,1176
8036120142967895790,1764,439,919,1196,1097,1217
8048317748792196979,1765,1037,1293,1816,8,960
8049174971616430990,1766,55,1492,983,580,1440
8051175896420731576,1767,1423,543,1425,392,338
8068551513309549144,1768,1332,63,609,1260,41
8113324517692556322,1769,1182,1470,187,1261,855
8113637998311268223,564,344,665,594,1242,1770
8144386916269720437,1771,1736,1633,1816,1671,36
8151880861754859656,1772,1171,1463,1474,902,1683
8164031568920151381,1773,720,1321,366,128,245
8180111365399889286,1774,669,853,1139,1819,700
8189031666388954162,1775,1687,1034,390,623,1139
8195788452563155020,1776,127,1627,369,1147,1727
8214844442027962164,1777,1868,213,634,777,366
8236260669729422750,1778,556,1431,273,374,1696
8237333675050684529,1779,322,1826,1350,1417,1763
8239286975497580612,1780,250,1032,811,1880,991
8243474948679935093,1781,187,1555,1470,855,703
8250502084456448386,1782,920,952,495,487,124
8261378399174507610,1783,374,153,767,1812,1370
8261501809061664232,1784,239,841,274,775,101
8271619811366074205,1785,1560,1813,575,965,854
8309925290570993196,1786,845,374,1669,260,1178
8323853447348356571,1787,204,613,1568,1311,1176
8327913688432885737,421,259,1711,1788,1112,959
8341545449730058951,1789,189,79,640,151,166
8354413736311351349,1790,496,1609,316,717,1634
8368708280460693260,1791,1199,733,1665,225,944
8389544657102033065,1792,1198,1599,910,435,138
8414731042150985013,1793,773,1258,1067,197,400
8418615305660062636,1794,1586,1228,141,70,232
8420481937548705787,1795,1001,885,688,826,669
8424199401780532272,1796,411,988,53,577,1071
8426006528231102424,1797,1732,63,1251,1880,1592
8433075601488072644,1798,1094,910,71,435,770
8433143903150367236,1799,1097,1196,919,870,1217
8437083040455072898,1800,613,1568,1311,1234,669
8460278518504187833,1801,971,341,745,1602,1870
8471654280763064040,1802,1125,571,44,133,1548
8479021342509401981,1803,1264,1146,487,1406,324
8480117032796489161,1804,1508,1157,1227,736,149
8494103216511135887,1805,1627,1377,1776,213,1868
8496119444480535595,1806,1092,805,1873,73,520
8504762135979679185,1807,288,1674,923,177,560
8508358165038280975,1808,1352,438,966,778,300
8516310373487915663,1809,1035,309,1084,464,1057
8531798655176011897,1810,115,206,777,939,867
8540709753752328723,1811,1821,475,1065,1628,602
8548560600301988018,1812,594,1431,564,1619,605
8556982196776583357,1813,1815,1058,252,377,1785
8562738815734604501,1814,446,1762,1878,121,1356
8564966018298805108,1815,366,1732,943,777,252
8570738902325304330,1816,897,762,1734,141,405
8572969747961902966,1817,151,1882,1175,819,1008
8573995950821939440,1818,851,1320,255,1543,925
8586641302323735033,1819,669,438,966,115,1342
8615245686887763683,1820,1010,1680,1687,936,23
8625226870256745258,1821,475,1065,1736,909,583
8625949836947856661,1822,327,1040,267,800,909
8641138310821193516,1823,1483,1116,1551,1503,584
8642864254981528773,1824,839,36,1671,1669,735
8652251853329201030,1825,662,397,947,1158,164
8655687555968131888,1826,746,1176,54,1382,556
8656322302973426874,1827,1641,874,765,723,1174
8663735706448940860,1828,989,772,854,618,810
8667275116635296267,813,1577,1829,901,1018,162
8674645243865302728,1830,1576,710,1845,391,106
8676130229735483748,1831,1286,999,512,1335,1448
8676384235153995185,1832,449,977,166,378,314
8698209668239173600,1833,1319,1223,630,651,1394
8721553601211488632,531,1834,356,251,573,568
8723015811479284359,1835,742,15,298,1717,1643
8743523484464839146,1836,1788,1443,421,1711,259
8745559424774781326,1837,1283,681,353,557,558
8754745127801506293,1838,663,622,1855,1670,894
8759620187357735368,1839,1512,1628,602,698,1580
8766802480854827422,1840,1197,923,151,1375,831
8779722837503695165,1841,861,1654,1614,1074,6
8785971928543012853,1842,1337,1319,1262,1261,1264
8787162574252505320,1843,1665,1166,1018,995,740
8791271631167250981,1844,1183,749,719,1399,674
8801420707973230165,1845,1576,1801,646,1179,971
8801970869404590779,1846,477,755,720,115,903
8813266398846460512,1847,909,153,1822,602,1821
8814360237760288963,1848,1749,791,443,1001,763
8819654997738428001,1849,86,376,579,1667,752
8841741572929644986,1850,882,838,140,1685,1835
8847054836611412804,1851,1426,364,1049,532,60
8855265440919561223,1852,776,387,227,34,225
8855523843512271162,1853,476,718,1626,875,699
8862260182894039021,1854,1098,1545,1506,845,1568
8866874492838815383,1855,698,923,602,1692,663
8872819156169667456,1856,1390,1383,773,1543,1747
8874741321583329336,1857,949,1679,1105,903,115
8879844298911979276,1858,913,618,1438,188,1223
8892482595912468268,1859,602,698,1692,1054,1226
8907499588729810535,1860,1758,836,902,256,1552
8913362709216003291,1861,1216,903,462,296,289
8920667914865172372,1862,1304,253,1110,521,1350
8940614478925413056,1863,1822,1040,327,800,267
8941502917401491878,1864,399,1104,1755,559,341
8961723342122872302,1865,719,1183,1399,70,1702
8965285988346645117,1866,1331,1636,1699,165,1410
8968131284214320024,1867,449,1697,25,1197,540
8968304737931264993,213,1868,733,861,634,1013
8982783231149017560,1869,1601,844,1250,1860,1876
8992729171160464416,1870,680,813,1272,1801,966
8995194509387682302,1871,1596,1109,179,27,1128
9001399366994458639,1872,1388,1877,1785,1881,1581
9008788011897883731,1873,805,1092,73,520,1058
9013651444868609421,1874,407,1179,755,462,720
9033898219489253274,1875,605,594,1111,1619,655
9037410398700100618,1876,1381,1629,731,1869,452
9038446466275805109,1877,407,288,1872,36,1671
9042983166068668843,1878,622,555,1814,308,136
9050204922960952289,1879,18,416,669,1440,853
9090527742744334314,1880,321,1797,358,1230,547
9091970136990402395,1881,215,1436,1161,641,1724
9102085903669288476,1882,1817,151,1648,819,48
9105269044962898535,1883,419,802,1351,875,1015
9109075639526981934,1884,821,80,1023,651,1134
9128735267433534024,1885,1288,760,1684,822,895
9135582630122950040,1886,356,531,1834,568,573
9137372837662939523,1887,1158,164,662,1257,397
9148269800512008413,1888,85,1776,349,1198,1575
9152852494775096912,1889,1552,278,1328,687,1472
9165571805999894845,1890,1526,1236,1752,914,839
9187866633451383747,1891,1196,919,1097,1217,789
9191849144618614467,1892,487,1264,1146,1450,1069
9199170757466086545,1893,742,1643,564,187,960
9210530975708218054,1894,1256,143,758,630,1223
